postdist,total,Other White,Indian,Pakistani,Bangladeshi,Chinese,Other Asian,African,Caribbean,Other Black,Arab
AL1,36180,2645,658,574,1406,397,701,413,370,112,164
AL10,35900,2957,2015,479,288,1347,1013,2567,430,168,370
AL2,23604,1115,556,110,413,212,519,236,170,33,91
AL3,28462,1366,370,143,497,139,231,153,183,62,91
AL4,27268,1167,320,192,207,179,243,202,130,52,74
AL5,30240,1376,338,130,114,231,187,212,71,25,40
AL6,11222,312,141,56,9,61,87,74,26,10,18
AL7,33890,1549,794,125,115,237,694,995,158,128,128
AL8,13252,603,218,40,23,117,143,141,56,19,14
AL9,10409,713,251,42,19,138,80,109,20,8,29
B1,7989,728,674,167,47,758,351,342,417,178,128
B10,25908,338,628,12595,3790,86,1244,1258,757,779,838
B11,44704,897,3284,22133,3035,195,2270,1031,1044,626,1322
B12,20755,461,922,6577,1346,308,1000,1064,1153,748,2568
B13,36817,1075,2504,6651,507,297,1090,519,1106,385,518
B14,43413,877,1453,2160,192,277,599,544,1182,341,176
B15,18221,960,2030,708,79,829,675,573,823,289,234
B16,23770,1915,2488,2855,282,685,1188,1528,1754,876,379
B17,25563,1156,3197,1078,120,668,908,532,594,249,250
B18,16283,703,1461,2086,434,338,744,1174,2656,989,88
B19,20068,385,968,3688,3868,207,712,2362,2490,1346,197
B2,616,78,51,15,1,140,41,39,11,5,25
B20,34089,1347,8893,5831,1829,313,1866,1594,3948,934,157
B21,30326,1783,8430,4540,2079,312,1748,1220,3930,1053,116
B23,42870,1874,1489,2458,539,421,629,1258,3382,938,101
B24,28870,1026,793,1981,211,309,483,541,1679,458,91
B25,16005,416,667,2947,917,41,498,250,559,209,170
B26,32826,510,792,1675,413,107,365,247,547,133,98
B27,24834,1105,1565,2908,471,169,618,260,750,260,152
B28,30036,551,3517,5293,571,151,1043,225,438,121,185
B29,42024,1438,1914,1143,328,1351,1351,941,727,306,377
B3,2574,185,207,39,11,216,70,47,86,24,29
B30,29084,778,643,615,300,203,368,302,553,189,105
B31,54302,716,651,363,90,469,798,927,1135,504,148
B32,38518,779,1275,564,133,303,864,1100,1625,524,181
B33,34513,555,570,3731,311,104,830,732,1347,436,100
B34,19327,201,129,2034,108,48,260,175,573,163,60
B35,9971,100,46,40,10,25,28,120,356,103,14
B36,34751,320,307,3377,352,127,475,711,953,458,138
B37,35728,365,237,94,21,86,158,299,721,161,16
B38,21354,303,223,148,40,85,186,312,553,202,90
B4,4683,475,1150,170,25,543,198,283,97,27,69
B42,24367,676,2627,1222,705,267,473,433,2132,469,35
B43,28441,427,3359,302,176,65,514,195,1117,183,26
B44,37091,613,1053,488,193,154,347,509,1639,403,27
B45,30185,295,247,119,17,92,107,193,379,167,19
B46,12072,180,42,3,1,13,27,9,31,4,0
B47,9355,61,107,8,8,18,28,14,26,7,2
B48,5796,56,56,23,1,9,8,1,17,0,2
B49,10189,177,29,4,0,23,30,6,7,1,1
B5,11983,674,1160,863,227,1046,570,657,795,289,495
B50,5350,96,11,2,0,6,6,0,5,0,2
B6,19664,343,1602,5575,4371,170,701,1334,1730,732,143
B60,27951,322,303,67,8,64,52,25,48,9,30
B61,23470,362,192,20,13,147,103,25,55,23,2
B62,24401,239,1049,640,152,74,182,64,222,31,129
B63,36431,320,278,543,43,102,176,156,152,71,813
B64,16528,143,253,846,62,29,106,113,122,39,99
B65,23770,280,665,430,156,47,165,174,373,84,55
B66,21334,1273,3121,3863,1791,100,1175,1118,1701,599,147
B67,30387,1190,4698,2302,375,105,1127,551,1396,324,80
B68,30588,699,3113,1275,162,90,591,258,1127,185,36
B69,28958,942,2820,1273,92,82,562,432,1294,254,37
B7,8546,129,135,770,332,180,196,1440,1010,900,103
B70,27992,2188,5094,1533,1522,67,777,442,1525,303,288
B71,30990,1311,3062,388,335,66,648,376,1243,283,52
B72,9569,176,358,210,36,71,49,30,114,22,5
B73,22801,409,970,370,73,156,222,74,432,91,43
B74,32470,459,2097,273,68,123,353,95,244,58,24
B75,26687,387,909,259,23,112,200,94,296,101,15
B76,21651,346,677,152,23,138,157,80,270,57,46
B77,57313,832,281,40,18,87,109,70,212,41,22
B78,24374,228,115,15,4,68,29,14,65,9,4
B79,22126,441,117,7,20,61,36,18,33,9,6
B8,41929,532,838,22950,2449,163,3345,1626,1096,829,387
B80,7060,130,28,10,8,14,16,13,9,4,0
B9,24903,489,657,11137,1662,133,1309,1383,932,909,513
B90,45359,683,2495,925,128,312,392,110,234,62,109
B91,33166,658,2283,957,110,234,394,134,146,58,93
B92,37245,610,1391,1190,311,137,365,134,300,62,72
B93,19706,326,343,58,11,36,86,52,35,4,26
B94,7380,99,96,34,2,20,17,8,14,2,5
B95,5663,86,6,5,2,11,4,1,2,0,5
B96,5073,78,15,19,0,2,6,1,9,5,2
B97,33494,899,227,861,98,93,121,54,259,49,21
B98,50058,2354,538,1746,97,115,226,120,349,102,37
BA1,40723,2471,434,58,63,613,379,139,313,64,149
BA10,3739,90,7,0,0,52,5,11,2,4,1
BA11,32454,960,40,8,14,77,132,44,19,10,1
BA12,28508,728,60,10,18,86,139,88,36,50,6
BA13,20224,380,27,3,12,26,75,13,20,12,1
BA14,48138,2327,134,16,53,124,213,114,232,70,158
BA15,13139,356,10,1,0,17,35,12,17,5,3
BA16,13041,375,45,7,35,49,59,27,12,1,15
BA2,73752,3304,561,81,130,1142,581,264,305,72,181
BA20,10865,521,29,5,13,44,56,24,14,7,8
BA21,33619,1355,203,59,31,118,233,71,19,6,15
BA22,18166,266,18,1,2,29,33,10,24,4,3
BA3,34710,531,52,4,23,59,100,46,31,2,20
BA4,17775,752,73,2,6,35,34,21,4,7,2
BA5,17534,470,30,0,12,59,68,8,5,4,3
BA6,12870,419,33,0,1,13,36,12,1,4,2
BA7,3514,47,1,0,0,6,10,11,0,0,0
BA8,4153,70,5,0,4,1,6,2,3,0,1
BA9,7242,316,25,1,10,15,13,5,3,2,7
BB1,66545,1152,15450,11756,935,306,982,246,89,63,303
BB10,37432,405,172,5036,1190,81,472,40,42,10,34
BB11,22221,388,84,585,134,44,119,23,42,2,8
BB12,34613,319,113,894,1169,109,123,19,40,3,20
BB18,17179,333,25,229,8,55,42,4,4,3,3
BB2,59924,1285,4218,5612,543,256,572,313,79,45,270
BB3,34503,599,199,576,49,198,124,66,41,10,22
BB4,41401,431,143,1052,1561,148,149,29,45,7,34
BB5,61102,1184,201,6651,373,192,478,35,35,6,75
BB6,14659,207,103,843,33,49,29,7,7,4,9
BB7,31699,513,69,216,26,70,47,63,6,12,3
BB8,23041,290,18,394,36,49,65,11,14,3,12
BB9,44598,1228,157,14112,271,173,455,47,29,2,33
BD1,3836,601,187,609,649,85,99,217,39,7,365
BD10,25882,460,341,268,44,118,132,154,180,20,77
BD11,11355,84,125,50,1,28,16,20,27,7,20
BD12,16685,231,149,241,12,42,51,64,98,26,36
BD13,24979,214,209,334,9,52,74,67,58,12,60
BD14,8871,137,769,657,185,15,115,45,33,6,15
BD15,15316,366,289,1937,64,53,453,191,112,29,50
BD16,25803,557,176,345,41,75,105,64,82,22,167
BD17,17901,284,184,101,7,35,71,26,29,8,17
BD18,27258,891,505,2400,342,83,354,110,160,18,82
BD19,22019,267,245,217,13,48,59,33,50,14,5
BD2,28566,533,951,3292,718,76,314,117,275,38,176
BD20,35315,495,186,1540,162,69,129,31,47,14,33
BD21,27133,815,172,8439,1752,91,372,136,46,26,33
BD22,29849,383,113,433,117,48,85,99,51,9,27
BD23,29329,557,109,434,29,58,139,39,3,3,21
BD24,5131,67,11,5,0,32,17,5,0,0,2
BD3,34021,872,1587,19032,2733,118,1102,298,253,45,327
BD4,31218,1313,924,2019,162,157,363,651,363,83,139
BD5,31641,1945,921,12938,777,227,1148,965,789,146,612
BD6,30072,489,705,1385,36,75,208,208,282,38,130
BD7,35345,2059,2910,15256,294,489,1048,877,186,67,654
BD8,31502,1624,1550,17136,1461,110,978,432,344,56,384
BD9,29309,1080,948,18460,309,75,843,238,154,13,334
BH1,19304,3178,623,32,49,323,376,273,71,43,109
BH10,20062,485,38,2,35,111,156,67,22,13,22
BH11,19910,466,62,3,17,60,104,56,15,10,43
BH12,35271,1373,210,20,132,236,324,111,46,15,31
BH13,8321,345,87,9,0,35,88,15,9,8,9
BH14,23432,823,134,10,70,113,193,52,22,12,27
BH15,33052,1409,507,25,96,143,247,85,24,22,33
BH16,15835,272,12,2,7,27,39,16,0,0,2
BH17,22983,502,66,18,51,93,73,38,13,9,18
BH18,11128,149,54,13,28,30,38,5,2,3,1
BH19,11517,291,12,11,21,20,32,11,4,2,3
BH2,8345,1462,91,24,14,122,214,80,24,16,67
BH20,19954,275,11,1,2,18,48,15,2,4,2
BH21,40571,596,56,17,53,80,78,18,6,13,5
BH22,26791,384,47,16,93,75,51,34,3,4,14
BH23,52818,919,99,10,44,187,194,60,29,6,15
BH24,23595,454,55,4,21,51,69,10,16,9,5
BH25,25717,556,85,2,23,73,210,51,18,16,9
BH3,5740,377,76,8,19,38,119,31,9,6,55
BH31,13360,157,28,7,47,9,20,7,13,0,4
BH4,9382,746,64,7,18,65,96,35,20,5,39
BH5,11246,1637,139,17,9,141,149,68,44,19,26
BH6,22199,943,104,7,45,95,114,80,25,4,37
BH7,11820,731,190,39,22,146,205,79,29,5,28
BH8,28015,2204,357,49,76,397,642,273,65,36,152
BH9,31619,1301,221,25,104,345,507,179,58,21,120
BL0,17753,167,36,58,11,43,36,25,17,4,2
BL1,63799,1447,7798,3535,69,473,772,908,188,244,244
BL2,45533,878,652,640,12,269,216,510,99,42,46
BL3,64278,1428,11740,6605,408,362,1517,1633,163,252,346
BL4,33450,504,608,979,96,151,341,267,64,35,56
BL5,27040,216,328,68,9,87,68,47,29,6,11
BL6,29428,337,445,178,12,74,78,68,50,10,15
BL7,14959,129,72,14,8,13,22,5,10,3,4
BL8,35797,422,198,675,59,169,129,88,68,11,49
BL9,48222,1330,290,5589,132,244,681,358,131,63,152
BN1,84775,6509,986,232,304,1264,1085,916,281,114,529
BN10,18579,589,113,8,37,46,169,103,24,18,48
BN11,33278,1893,439,75,182,150,768,352,73,36,82
BN12,20127,405,86,22,151,85,112,48,14,9,26
BN13,27536,609,109,20,86,95,201,84,36,22,27
BN14,30736,892,153,57,126,157,344,127,46,29,19
BN15,27371,522,63,11,56,156,115,120,26,5,46
BN16,28334,639,63,14,20,54,79,43,13,4,18
BN17,28292,1503,146,49,88,79,232,71,25,17,25
BN18,13468,380,55,9,29,35,55,43,42,12,8
BN2,92743,5921,1032,186,453,965,1065,1053,323,159,605
BN20,20951,808,109,27,14,134,147,40,33,8,31
BN21,25775,2470,282,44,53,212,470,203,51,22,66
BN22,32246,1459,214,19,131,160,302,147,50,44,63
BN23,28302,972,105,17,93,137,219,132,30,33,72
BN24,9291,165,42,5,11,11,38,4,15,2,8
BN25,23571,578,92,7,66,67,125,54,15,12,24
BN26,11426,215,47,4,3,16,47,11,11,0,0
BN27,26842,515,59,11,66,102,91,60,18,1,17
BN3,79513,6697,844,200,486,679,1043,739,246,133,892
BN41,20915,561,145,43,138,112,107,206,42,10,173
BN42,9991,208,70,26,49,26,51,47,12,4,58
BN43,22492,490,98,18,156,53,81,53,21,3,54
BN44,10125,181,31,3,11,27,32,35,2,2,1
BN45,669,25,0,0,0,1,4,0,0,0,0
BN5,7106,190,22,0,11,20,42,12,3,2,0
BN6,17400,441,35,11,17,25,52,12,12,5,5
BN7,21190,957,83,16,17,126,109,36,43,7,9
BN8,16310,389,29,15,10,27,38,18,15,4,6
BN9,13477,423,33,8,16,38,46,37,18,3,8
BR1,56331,3765,1332,192,259,509,1685,3134,2646,983,238
BR2,44840,2411,975,152,137,400,778,860,557,208,174
BR3,47324,2936,1026,157,173,475,761,1281,1135,351,149
BR4,18986,720,286,45,30,120,224,131,260,49,16
BR5,45712,1738,556,63,214,377,523,1958,558,285,53
BR6,46828,1480,1036,145,101,474,750,663,180,78,90
BR7,17300,867,440,102,151,219,198,234,127,50,31
BR8,21972,438,145,14,42,119,130,404,85,34,22
BS1,11991,1303,399,116,38,886,314,534,121,166,112
BS10,27605,1379,765,141,183,127,398,640,288,252,77
BS11,17354,915,125,22,39,30,115,216,95,112,15
BS13,29585,480,96,47,19,50,79,162,94,88,22
BS14,28155,481,129,74,41,59,83,167,98,69,24
BS15,47327,1001,324,154,126,152,239,320,380,160,25
BS16,75908,2277,1114,1426,379,510,646,1022,967,471,201
BS2,15599,1159,323,466,74,289,210,2136,897,1143,87
BS20,30003,627,116,14,27,77,79,27,15,3,21
BS21,23283,529,45,7,56,38,51,14,21,9,5
BS22,37442,731,114,18,62,99,73,81,29,12,25
BS23,33996,1749,238,13,120,176,171,163,70,20,34
BS24,18841,439,118,11,24,42,46,47,2,6,5
BS25,6232,136,4,0,0,68,17,4,7,4,0
BS26,5127,100,10,0,4,2,21,1,2,1,3
BS27,7081,104,10,0,11,10,15,1,1,0,1
BS28,3318,39,0,1,0,2,9,4,2,1,1
BS29,2919,64,7,2,0,1,2,0,1,0,0
BS3,36761,2153,266,323,83,167,273,396,224,212,108
BS30,30360,334,77,1,2,75,75,46,65,8,11
BS31,20000,295,53,24,4,79,46,52,27,11,15
BS32,24758,1414,1007,152,21,299,237,178,72,36,125
BS34,29790,1107,509,120,30,306,331,242,143,47,23
BS35,21640,460,91,17,9,27,61,22,10,7,16
BS36,15443,199,52,18,4,37,54,8,23,7,13
BS37,38061,720,153,35,35,66,168,37,42,25,12
BS39,15463,183,15,5,0,41,76,10,7,8,4
BS4,47959,2200,312,605,76,218,359,638,315,306,65
BS40,12786,226,11,0,6,18,24,7,13,0,6
BS41,6083,167,32,16,0,24,23,4,10,1,1
BS48,23408,398,91,28,3,53,60,31,18,4,15
BS49,11951,196,31,1,1,23,48,4,6,1,9
BS5,52343,3176,1395,2823,802,247,626,4413,2667,2871,280
BS6,33681,2102,376,298,51,362,280,491,355,365,115
BS7,40933,2333,993,443,285,311,526,992,648,667,125
BS8,26102,1856,329,85,25,670,331,202,78,70,125
BS9,30953,1261,406,178,15,312,321,177,87,76,62
CA1,24260,1096,84,43,77,83,128,20,8,5,20
CA10,13623,128,14,0,4,12,12,1,1,1,7
CA11,22359,558,50,4,29,59,39,4,2,3,2
CA12,8026,258,22,2,18,16,40,11,9,1,1
CA13,15006,210,26,9,37,37,28,9,3,2,0
CA14,35799,260,25,14,30,41,41,7,8,4,0
CA15,16218,202,5,6,3,17,27,12,0,0,1
CA16,6175,56,4,3,5,1,8,3,1,0,2
CA17,4873,52,4,0,6,3,9,0,0,2,0
CA18,328,6,0,0,0,0,0,1,0,1,0
CA19,1069,17,1,0,0,3,7,2,0,0,0
CA2,39435,971,96,29,60,87,139,49,4,12,20
CA20,3355,29,4,1,0,4,4,4,0,1,0
CA21,1017,7,0,0,0,0,2,0,1,0,0
CA22,8887,63,6,4,1,6,25,14,2,1,0
CA23,1424,15,9,4,0,0,2,0,0,0,0
CA24,1266,5,2,0,5,0,0,1,0,0,1
CA25,6183,50,14,4,2,12,9,0,1,0,1
CA26,3868,18,1,0,0,1,6,2,1,0,2
CA27,1644,34,1,0,0,55,1,1,0,0,0
CA28,28592,228,85,34,58,68,107,13,5,4,7
CA3,14015,265,54,26,35,85,47,14,3,0,7
CA4,9679,103,16,5,6,9,18,7,2,0,1
CA5,7114,61,8,1,1,57,6,3,1,0,2
CA6,9094,130,10,3,6,4,9,2,1,2,2
CA7,22533,148,5,3,3,17,14,3,1,3,0
CA8,10314,99,11,2,0,13,13,13,2,2,1
CA9,2088,18,0,0,0,2,4,1,1,0,5
CB1,49238,6805,1863,351,662,1585,1474,482,222,78,415
CB10,13497,463,30,1,23,20,94,27,11,12,3
CB11,18047,715,77,14,49,53,137,34,27,15,9
CB2,18538,2691,620,139,47,1201,569,223,66,24,130
CB21,15626,539,105,22,15,59,69,51,27,13,16
CB22,24025,1210,261,50,16,164,212,103,38,11,30
CB23,30885,1718,783,135,62,333,383,218,61,51,84
CB24,33040,1593,339,87,43,229,274,130,63,33,38
CB25,18264,643,79,16,9,106,141,70,53,35,12
CB3,16270,2500,467,105,40,852,401,91,32,11,66
CB4,41898,6442,825,218,1008,941,901,499,234,70,212
CB5,11036,1544,246,60,152,190,190,133,104,34,135
CB6,38375,1833,166,40,52,109,196,131,39,55,43
CB7,26616,2113,99,38,22,105,128,134,51,46,19
CB8,33241,2419,251,173,82,63,254,247,145,110,18
CB9,32871,1416,197,19,37,78,275,197,79,41,17
CH1,30560,1120,210,29,83,67,137,121,32,13,32
CH2,34321,1066,238,105,232,97,189,140,60,23,50
CH3,32010,581,99,27,34,89,72,40,16,13,11
CH4,32297,849,160,40,94,128,100,51,18,11,16
CH41,18667,292,94,38,197,185,63,35,25,13,13
CH42,31056,464,173,6,321,234,124,64,18,3,16
CH43,38916,436,322,43,73,283,121,30,21,5,16
CH44,29914,374,73,10,103,151,135,40,32,21,26
CH45,30855,405,57,6,50,111,85,42,27,12,11
CH46,25480,217,69,1,36,159,70,31,9,9,12
CH47,10909,154,31,4,16,35,26,8,3,3,4
CH48,15206,311,98,3,0,57,41,2,11,7,46
CH49,28777,178,166,37,12,109,156,41,8,7,15
CH5,42525,1455,121,22,103,159,95,34,8,0,28
CH6,17118,594,30,12,10,35,33,8,1,3,3
CH60,13084,183,81,34,3,35,32,16,6,4,10
CH61,17590,142,33,27,2,58,40,5,1,15,2
CH62,28732,311,64,1,12,94,73,26,10,12,10
CH63,30597,263,83,16,26,142,76,49,18,6,27
CH64,18921,240,36,7,8,22,59,8,6,5,13
CH65,26371,618,78,27,44,110,97,59,11,4,10
CH66,35092,383,93,26,12,114,68,41,11,12,7
CH7,50066,597,72,38,43,62,49,25,15,9,9
CH8,20679,224,26,14,8,28,46,8,9,0,4
CM0,16003,189,18,0,5,25,54,13,19,8,3
CM1,62862,1941,1013,340,251,376,546,797,180,87,160
CM11,19001,368,132,26,30,39,66,68,36,17,18
CM12,19822,443,187,43,25,69,117,48,27,20,6
CM13,24494,634,334,37,38,133,239,211,106,46,41
CM14,19746,823,381,45,81,154,305,219,62,51,24
CM15,23406,536,184,30,47,80,188,100,52,27,38
CM16,22096,653,207,41,28,72,106,96,59,20,9
CM17,21296,641,206,125,44,198,157,302,123,52,56
CM18,24425,992,119,106,81,207,170,685,175,93,30
CM19,18811,850,230,158,50,182,195,617,125,69,44
CM2,58252,1628,691,294,160,299,353,477,173,83,101
CM20,21400,940,524,241,223,248,313,671,132,85,29
CM21,10838,295,61,19,28,29,49,46,30,6,5
CM22,13232,407,78,5,35,42,56,50,25,4,16
CM23,40615,2643,391,116,122,245,261,248,104,43,56
CM24,6669,293,17,13,34,24,25,11,17,2,3
CM3,54108,839,215,33,49,160,212,143,81,24,51
CM4,10181,221,61,7,6,12,35,20,12,3,5
CM5,10581,145,39,5,9,22,17,23,18,11,6
CM6,25184,767,80,6,34,66,101,78,69,26,8
CM7,48743,1775,259,89,86,207,275,260,109,47,20
CM77,15395,308,68,22,4,23,64,49,24,6,6
CM8,32807,993,191,6,53,40,240,154,116,31,13
CM9,33525,534,78,6,72,63,73,34,31,19,4
CO1,14988,1146,207,65,98,152,340,174,59,27,205
CO10,46329,916,73,9,46,64,146,67,36,16,11
CO11,12950,197,26,1,1,20,40,17,8,8,7
CO12,22215,381,49,0,2,76,84,49,20,8,3
CO13,12110,154,10,9,17,25,27,20,18,7,3
CO14,6735,110,12,1,13,17,48,11,9,0,0
CO15,43054,688,128,19,36,127,135,96,51,18,24
CO16,24196,216,63,2,38,52,53,22,18,10,8
CO2,35114,1215,163,53,61,340,625,541,187,89,244
CO3,28117,790,233,60,51,223,332,110,45,24,76
CO4,48002,2564,702,166,137,827,994,912,184,90,333
CO5,28199,398,43,4,18,49,74,26,20,7,16
CO6,28893,460,86,9,24,49,94,31,25,6,4
CO7,32953,684,76,12,32,134,155,60,46,16,106
CO8,2303,43,3,0,0,2,4,0,1,0,0
CO9,25260,427,48,2,18,42,92,43,20,6,15
CR0,154233,9647,11217,3897,1125,1889,8665,13213,10926,5209,789
CR2,48467,2482,2554,742,186,508,1759,1787,1617,821,166
CR3,28539,998,419,70,35,272,424,243,269,64,19
CR4,58802,6975,2458,2394,805,672,6309,6912,4937,1495,401
CR5,28862,869,854,228,50,186,596,519,606,253,78
CR6,9843,256,137,35,24,24,80,63,45,27,2
CR7,44691,2856,4854,3169,591,365,3105,5814,7971,2586,221
CR8,32545,1651,2156,715,142,344,1286,930,979,418,135
CT1,30755,2739,431,106,104,420,880,529,149,84,164
CT10,24903,699,147,49,33,69,180,83,40,5,21
CT11,29206,1330,164,23,30,146,260,123,59,22,21
CT12,17826,311,60,13,17,33,63,38,13,3,4
CT13,8901,249,30,4,14,36,42,29,8,2,6
CT14,35056,788,80,8,21,52,125,39,23,11,15
CT15,13238,338,41,5,6,37,568,34,6,2,11
CT16,19623,700,76,5,60,70,227,42,21,4,10
CT17,22086,1030,134,11,44,63,170,101,23,17,17
CT18,13909,306,35,3,3,39,251,13,12,13,7
CT19,28867,798,127,30,97,78,933,109,45,13,23
CT2,30718,2119,587,138,62,776,485,635,178,43,188
CT20,22470,1397,155,35,81,101,1258,121,46,8,32
CT21,17147,426,60,0,18,40,182,22,9,4,0
CT3,17284,401,74,9,11,24,58,46,7,4,16
CT4,16633,511,82,32,17,39,63,37,26,2,21
CT5,33068,702,153,20,52,86,103,61,42,14,9
CT6,38563,534,165,7,15,112,145,61,41,16,16
CT7,11459,221,45,2,11,24,65,11,15,2,12
CT8,7338,176,23,0,6,18,46,26,13,1,7
CT9,43454,2898,299,97,81,160,340,304,99,53,53
CV1,31181,2789,3644,1814,1229,1107,1006,3047,531,317,806
CV10,49883,789,749,103,7,79,273,173,155,56,16
CV11,39428,830,3080,355,26,103,925,160,102,54,53
CV12,31606,325,726,37,15,79,165,117,58,16,17
CV13,10714,136,31,37,13,13,31,6,8,7,6
CV2,63206,3264,5411,927,385,293,1494,3346,834,338,363
CV21,35590,2912,1549,470,82,128,309,585,523,120,28
CV22,35333,1542,925,66,46,217,245,248,171,72,51
CV23,21836,641,356,102,21,60,120,124,127,54,11
CV3,63323,2520,5571,615,439,349,1110,2626,453,296,186
CV31,31530,2071,3033,159,19,221,485,146,126,45,51
CV32,32696,1600,1232,120,12,242,347,107,131,26,73
CV33,6103,115,28,3,1,11,21,1,1,3,1
CV34,31345,914,1707,125,20,261,368,112,83,18,53
CV35,24609,427,167,11,6,26,61,15,23,11,7
CV36,9286,181,18,0,0,18,23,1,6,1,0
CV37,40998,2093,293,34,2,272,233,61,50,23,35
CV4,33370,1554,2183,321,49,1420,752,779,195,61,136
CV47,16967,265,79,2,1,22,68,14,14,3,2
CV5,45968,1446,1338,524,65,580,430,453,192,53,123
CV6,86522,4156,10159,5361,795,303,3015,2709,1133,556,424
CV7,28078,612,1315,74,14,82,207,108,79,34,19
CV8,31031,753,464,39,6,120,154,63,36,8,31
CV9,21204,248,94,19,5,16,42,5,24,1,5
CW1,42379,1959,173,69,95,167,137,167,111,52,31
CW10,14361,277,27,10,8,20,23,5,5,2,6
CW11,22615,237,40,16,13,36,73,19,10,3,20
CW12,29225,340,77,19,30,84,91,28,12,6,18
CW2,41120,2227,219,98,183,135,194,107,119,56,26
CW3,9079,112,21,5,2,2,24,7,6,1,2
CW4,9378,112,12,5,3,30,24,6,4,0,6
CW5,29281,430,82,19,17,44,55,40,25,7,21
CW6,12160,128,18,3,8,10,7,3,6,2,4
CW7,31454,374,67,24,27,131,52,40,6,20,9
CW8,35290,444,109,20,48,69,99,38,7,6,31
CW9,33147,640,128,16,26,79,106,43,13,9,8
DA1,52687,2088,1449,107,360,382,1418,2103,296,144,112
DA10,6746,244,62,7,19,18,39,151,37,28,14
DA11,38059,2177,4327,286,185,122,831,975,189,81,48
DA12,47392,2330,2974,252,249,191,810,1319,256,119,51
DA13,14449,220,217,13,14,19,55,16,22,5,2
DA14,21183,740,357,95,117,209,272,422,154,54,37
DA15,29427,801,473,47,102,240,389,413,170,41,24
DA16,35912,1091,1415,126,165,508,940,1294,331,151,62
DA17,17104,845,1107,73,36,182,373,1949,261,170,32
DA18,4939,254,92,21,8,149,177,1540,127,89,4
DA2,22994,599,626,56,69,91,433,482,92,56,25
DA3,16748,307,273,5,0,55,64,36,20,9,18
DA4,9062,145,57,11,8,16,20,47,14,10,2
DA5,20824,376,594,59,29,191,248,284,94,37,10
DA6,9846,276,330,26,57,104,211,225,43,27,10
DA7,35540,781,1234,82,81,332,552,957,236,77,17
DA8,34559,1218,1034,118,80,263,503,4448,511,327,51
DA9,13089,698,380,12,32,65,169,421,85,45,32
DE1,13807,987,331,181,17,166,188,300,190,57,167
DE11,43809,463,207,33,1,98,107,49,37,7,14
DE12,20462,427,73,8,3,23,37,14,13,4,2
DE13,40596,654,359,546,9,92,154,62,100,55,24
DE14,28844,2461,397,4860,131,131,533,177,313,84,33
DE15,24192,818,144,139,13,45,134,65,70,34,10
DE21,57016,1201,293,152,20,255,214,273,241,78,51
DE22,46544,2014,732,320,46,282,419,450,410,88,189
DE23,59900,3406,6514,12781,467,280,1997,1176,1572,299,287
DE24,54523,1819,2889,954,89,253,709,890,929,204,111
DE3,17008,296,601,219,8,44,118,70,105,21,54
DE4,33166,397,44,16,1,33,60,13,4,3,5
DE45,8676,130,6,7,0,10,8,1,2,0,0
DE5,22033,192,61,5,7,33,25,28,11,3,2
DE55,51224,727,156,29,1,103,113,85,30,13,6
DE56,40374,479,188,7,3,64,84,29,42,9,14
DE6,25593,405,49,70,3,49,44,19,35,13,5
DE65,23456,343,229,38,2,52,70,43,52,11,22
DE7,49916,543,179,8,8,60,53,34,51,19,6
DE72,20225,214,95,35,2,54,34,36,26,6,4
DE73,19052,288,672,98,11,82,106,66,72,33,16
DE74,11491,293,38,4,5,39,83,4,13,8,11
DE75,18713,257,43,30,0,29,36,24,20,2,4
DH1,49865,1874,483,139,67,845,457,196,49,33,269
DH2,30427,211,53,33,26,89,45,20,3,3,12
DH3,25904,266,124,81,13,61,46,33,5,3,17
DH4,33471,185,137,23,12,63,68,51,11,7,12
DH5,19534,108,46,17,6,31,3,22,9,3,8
DH6,33392,322,93,59,3,79,108,13,6,4,41
DH7,41375,445,89,9,10,87,89,38,11,16,50
DH8,38551,835,64,31,21,52,61,7,9,5,4
DH9,36692,210,58,23,8,59,55,14,16,4,15
DL1,46371,1034,260,71,100,192,241,121,56,22,27
DL10,18424,251,37,10,4,31,107,34,26,33,11
DL11,5308,60,1,1,3,7,23,12,5,2,0
DL12,12407,123,16,17,4,28,10,9,7,0,8
DL13,14158,89,12,0,6,23,17,0,2,4,0
DL14,37072,402,80,34,15,47,62,18,6,8,8
DL15,22497,163,30,5,7,27,29,11,5,1,2
DL16,19816,103,36,9,2,29,11,25,2,1,8
DL17,17672,129,23,1,12,25,15,12,8,2,5
DL2,16980,162,46,11,15,27,47,16,7,5,15
DL3,44712,865,410,66,405,124,181,71,46,23,68
DL4,9976,89,9,0,0,9,16,11,0,0,1
DL5,29340,321,28,12,15,46,62,13,12,5,15
DL6,15515,197,98,29,6,26,19,14,7,13,15
DL7,16218,213,37,11,2,25,45,30,11,9,2
DL8,18650,265,8,1,16,21,96,16,7,20,1
DL9,15859,318,31,15,2,34,817,187,44,112,3
DN1,8735,1582,156,584,15,157,330,149,90,20,40
DN10,12086,134,25,4,1,22,30,34,15,3,2
DN11,28352,283,83,51,6,38,48,65,37,9,5
DN12,24119,259,51,26,3,27,41,46,26,13,7
DN14,46242,2043,93,22,12,87,64,31,14,8,14
DN15,36603,2929,584,648,1324,169,294,231,16,40,104
DN16,31667,971,241,70,61,120,118,59,5,0,21
DN17,37188,812,149,75,44,110,87,38,11,16,17
DN18,11717,114,17,5,4,25,13,2,10,0,5
DN19,6282,65,6,1,1,7,7,1,7,4,4
DN2,24551,1475,302,573,18,112,451,248,99,26,19
DN20,19187,301,51,28,8,49,29,18,7,3,12
DN21,37221,531,154,22,0,71,105,43,44,9,13
DN22,36086,649,118,181,39,58,121,90,101,29,23
DN3,30069,694,74,94,7,84,61,69,59,18,13
DN31,9619,401,24,16,6,64,39,17,15,1,18
DN32,30257,896,64,48,39,126,197,88,13,5,45
DN33,19538,243,134,66,53,104,66,43,11,11,54
DN34,19001,268,40,6,13,106,52,23,5,3,17
DN35,34561,457,62,13,123,97,88,42,19,6,51
DN36,19103,208,78,21,4,57,41,40,4,6,40
DN37,21745,203,52,12,12,49,56,36,1,3,37
DN38,3023,22,11,6,0,8,6,7,1,0,0
DN39,2846,27,13,13,0,5,3,0,1,0,1
DN4,53415,2546,877,1048,21,356,462,404,218,78,102
DN40,12299,155,15,17,7,11,23,9,6,4,14
DN41,6266,53,52,1,11,12,7,15,1,1,2
DN5,40864,562,119,94,15,127,123,113,109,37,8
DN6,31148,283,62,26,3,53,64,49,20,11,6
DN7,24610,240,73,156,30,110,126,105,98,24,13
DN8,17295,276,64,22,0,14,29,7,4,8,1
DN9,20018,180,54,62,1,35,28,18,11,3,4
DT1,19060,329,149,33,33,47,79,37,16,3,21
DT10,11841,266,2,0,14,15,27,11,5,0,2
DT11,30156,591,63,5,47,51,350,46,32,13,5
DT2,24826,399,21,7,8,13,73,12,5,1,6
DT3,23138,345,29,9,12,54,65,7,8,3,1
DT4,37293,836,66,1,77,124,187,31,29,17,6
DT5,12844,201,9,13,8,11,25,116,90,24,8
DT6,21559,338,16,4,0,20,45,24,8,3,5
DT7,5696,106,9,5,4,11,28,1,0,3,2
DT8,6000,88,2,1,0,0,7,1,5,0,0
DT9,20790,409,44,7,46,140,67,35,7,5,5
DY1,32131,526,1612,962,48,147,309,338,741,161,43
DY10,35814,834,116,95,447,79,119,47,48,9,4
DY11,30077,451,112,29,35,30,84,28,30,12,5
DY12,12305,147,13,11,16,9,28,6,10,5,2
DY13,22209,245,57,7,13,44,46,12,19,1,3
DY14,8529,85,11,9,1,13,31,0,5,1,0
DY2,34461,512,1033,3863,90,80,378,325,901,178,120
DY3,33730,168,244,70,3,38,43,58,157,31,15
DY4,42846,1365,2897,1397,705,105,480,459,921,211,48
DY5,41898,387,476,1113,17,134,178,195,158,60,25
DY6,27489,131,161,56,1,48,74,30,54,10,17
DY7,8300,60,29,5,0,23,21,4,7,3,6
DY8,50737,458,321,431,20,139,100,83,97,28,44
DY9,30072,324,403,2624,25,126,122,75,60,30,55
E1,70389,8348,1480,1010,29980,1472,1658,2208,965,885,875
E10,43120,7672,2045,6720,1153,612,2272,3908,4047,1507,714
E11,54689,8283,3399,4026,1500,685,1879,3672,3490,1169,836
E12,42606,2626,8828,5972,7087,114,2889,3770,1913,807,403
E13,47169,5298,4857,4157,6560,402,3188,6676,2464,1303,451
E14,82638,11703,3556,778,22487,4763,2303,3400,1772,1230,865
E15,51650,8822,3531,2630,4664,1109,2657,6939,3539,1556,911
E16,45371,7110,2234,1097,2302,1292,1669,8833,1875,1224,541
E17,103129,16157,3179,13198,1323,1039,6108,7894,7752,3174,1764
E18,19864,1839,1494,899,312,430,506,397,436,126,113
E1W,12428,2341,346,67,2118,336,261,263,157,109,96
E2,45811,6152,615,238,11699,704,899,2382,1146,887,397
E3,52371,4756,972,399,15662,1042,1011,2323,1786,1012,449
E4,60357,4975,1004,1985,456,315,1392,2487,2936,1026,341
E5,48492,7223,2657,682,1571,533,1199,6400,5120,2338,291
E6,78790,8058,11993,10119,8990,845,7608,7733,3157,1645,888
E7,54133,4887,11583,7325,8199,327,2336,5026,3030,1147,489
E8,39260,6221,710,189,1117,585,1226,4608,3467,1647,277
E9,37768,4524,629,234,1120,530,1083,6270,3616,2101,287
EC1A,894,257,32,3,3,59,40,22,7,2,7
EC1M,2473,525,189,74,22,190,125,53,26,11,26
EC1N,2650,502,58,14,390,115,115,179,29,48,36
EC1R,4885,971,73,30,174,145,158,279,80,73,33
EC1V,12765,2424,360,104,230,492,458,868,358,306,137
EC1Y,3767,563,72,10,56,92,119,264,94,79,49
EC2A,1229,374,14,4,3,35,42,26,22,10,11
EC2Y,3249,504,101,2,4,96,68,17,6,7,10
EC3R,227,65,11,1,1,10,13,2,0,0,2
EC4A,151,38,1,1,0,19,2,0,1,4,4
EC4V,595,163,24,2,0,26,26,0,1,2,8
EC4Y,320,63,2,0,0,16,4,1,0,1,2
EN1,44997,6227,968,257,490,289,1465,2967,1784,809,182
EN10,17036,961,128,27,29,65,98,349,154,42,21
EN11,21451,1651,112,27,26,47,81,155,100,17,26
EN2,29709,3312,838,145,171,213,746,784,480,235,99
EN3,57073,9768,1055,383,1917,276,1861,8108,4003,1928,353
EN4,25578,3632,1255,188,96,334,944,747,246,196,143
EN5,38071,3816,1700,290,169,574,1389,1334,411,250,242
EN6,29010,1912,746,90,107,167,433,426,147,62,30
EN7,22050,1305,279,30,16,90,188,290,226,67,41
EN8,35826,3836,301,73,101,148,424,1586,930,312,57
EN9,23633,1024,211,71,23,74,110,284,342,76,29
EX1,21521,795,200,25,43,325,240,120,27,10,91
EX10,17207,354,30,0,15,43,57,7,9,2,4
EX11,7795,110,20,0,0,6,31,4,2,0,0
EX12,9416,179,18,1,14,10,72,2,2,1,6
EX13,11329,149,25,0,1,24,42,6,3,4,2
EX14,20687,262,38,0,8,14,63,10,9,0,1
EX15,21313,547,28,0,3,48,40,23,4,3,1
EX16,32440,740,52,3,12,90,43,26,10,7,2
EX17,19539,412,35,1,1,30,42,14,2,3,1
EX18,3117,41,1,0,0,1,3,0,0,0,0
EX19,3525,25,0,0,0,4,0,0,2,0,2
EX2,40698,1433,243,47,50,248,299,135,44,18,120
EX20,19966,359,25,0,0,37,55,2,7,4,15
EX21,4620,39,0,0,0,30,7,0,0,1,1
EX22,10745,129,1,0,4,9,13,1,7,0,2
EX23,15704,181,19,4,6,21,35,3,13,4,1
EX24,3789,55,4,0,0,7,5,0,0,0,1
EX3,4940,104,5,2,5,13,12,1,5,0,9
EX31,25475,391,64,37,20,39,83,30,20,16,19
EX32,23778,510,110,15,45,79,105,11,29,2,21
EX33,10224,113,8,0,0,4,26,3,4,4,9
EX34,17306,291,23,12,9,10,61,5,12,2,6
EX35,1647,46,3,1,1,0,2,3,0,0,0
EX36,8477,107,4,0,1,14,40,8,5,1,3
EX37,3362,35,1,0,0,5,5,1,0,0,1
EX38,8132,88,7,0,0,6,14,1,2,4,0
EX39,37163,481,30,5,13,80,53,9,23,1,28
EX4,54711,2609,500,90,131,1419,724,238,54,19,440
EX5,18568,279,9,4,14,30,17,15,4,1,6
EX6,13673,213,12,0,0,16,27,6,3,2,4
EX7,12432,182,41,0,8,31,33,5,3,1,2
EX8,37449,763,72,3,12,68,109,25,29,9,15
EX9,6763,92,3,1,7,5,15,0,4,0,1
FY1,33634,1292,231,82,106,165,209,69,38,22,55
FY2,24559,372,70,19,32,74,69,26,20,6,23
FY3,31955,545,220,61,55,117,236,41,24,10,41
FY4,43664,779,96,62,30,156,145,41,27,15,47
FY5,44816,368,73,21,15,70,113,36,16,11,11
FY6,28003,254,56,19,2,54,64,23,10,3,17
FY7,25939,326,89,29,61,177,106,17,2,5,11
FY8,44053,812,198,50,25,128,121,38,27,12,53
GL1,34152,2548,2479,402,420,172,660,637,959,215,40
GL10,13953,305,28,2,2,41,51,18,11,2,3
GL11,18139,382,16,3,10,34,24,20,22,12,4
GL12,15045,246,35,21,7,10,60,35,38,16,5
GL13,5863,66,0,1,1,19,11,0,1,1,2
GL14,15722,227,65,4,0,37,32,16,7,13,0
GL15,20743,200,10,3,1,5,35,15,12,8,2
GL16,13381,111,27,5,0,44,21,8,9,0,1
GL17,11180,99,14,7,0,9,16,6,3,2,1
GL18,7493,245,11,0,0,4,24,5,3,1,0
GL19,9803,175,10,4,0,26,12,15,7,3,1
GL2,51819,1295,348,115,47,138,174,242,271,104,50
GL20,28233,745,74,5,30,33,62,31,20,7,1
GL3,30492,863,177,40,27,69,101,104,69,49,28
GL4,47808,1007,367,109,26,160,258,223,645,177,32
GL5,31040,977,58,13,9,45,87,34,44,14,11
GL50,22496,1602,439,43,103,303,232,176,30,28,35
GL51,51520,2410,709,96,167,253,319,212,50,24,78
GL52,43265,1619,452,44,46,144,240,111,39,14,37
GL53,19755,653,143,19,14,94,112,45,22,8,25
GL54,22146,688,38,5,13,49,72,23,5,8,2
GL55,5422,146,7,0,0,5,15,2,6,2,0
GL56,8403,227,14,0,1,8,21,7,1,1,0
GL6,24460,575,39,6,17,31,52,5,27,2,4
GL7,42280,935,147,10,18,170,141,95,28,39,4
GL8,8541,258,18,1,6,7,55,8,5,0,0
GL9,2667,41,3,0,0,0,6,0,1,2,0
GU1,29169,2662,444,74,102,382,583,168,63,40,244
GU10,22238,830,131,78,28,104,103,53,34,11,18
GU11,23292,835,396,178,43,99,2694,505,262,88,30
GU12,31479,1005,251,220,54,156,1025,250,121,35,36
GU14,54994,1789,763,297,122,327,3533,478,188,104,84
GU15,34778,1630,962,480,194,227,1422,289,105,50,103
GU16,23767,731,401,110,82,162,756,172,63,21,55
GU17,11101,339,115,17,22,51,251,89,39,17,29
GU18,6791,240,89,10,8,70,60,3,12,9,1
GU19,5592,292,115,42,8,26,52,12,12,0,14
GU2,34172,2774,708,242,141,1100,1070,620,106,44,476
GU20,4392,224,44,3,3,14,32,8,4,0,5
GU21,49738,3453,1255,3604,268,499,1186,538,146,53,252
GU22,33400,2961,908,1888,136,286,706,381,94,35,227
GU23,6869,294,39,9,5,14,36,21,32,7,2
GU24,17845,673,144,50,28,57,181,146,97,37,28
GU25,5448,887,254,11,0,51,108,42,13,3,32
GU26,7475,391,60,23,5,50,53,22,12,1,4
GU27,17725,671,59,19,15,51,85,41,33,5,16
GU28,6650,221,19,0,0,12,20,7,0,1,4
GU29,9094,284,15,2,2,9,37,3,3,3,6
GU3,11071,442,72,24,8,48,107,42,25,10,34
GU30,9081,311,44,5,6,32,35,34,16,3,5
GU31,11223,304,35,1,11,29,35,15,14,5,26
GU32,11969,363,105,5,24,25,66,42,10,5,9
GU33,8442,233,18,4,11,25,54,36,3,5,2
GU34,29783,790,144,10,43,49,243,72,13,5,30
GU35,23068,795,73,1,35,98,342,173,21,17,6
GU4,15894,885,208,52,32,142,149,70,11,9,122
GU46,14829,342,79,17,25,48,98,31,14,4,4
GU47,18862,503,222,69,36,74,639,87,36,19,27
GU5,11220,533,19,22,12,40,51,43,5,12,16
GU51,23604,1020,463,60,64,183,300,69,45,7,30
GU52,15953,408,90,9,12,76,109,29,31,21,24
GU6,14204,473,33,2,12,34,101,26,13,3,7
GU7,22824,1133,125,18,18,172,129,84,21,9,23
GU8,17648,815,63,21,10,74,81,48,26,4,17
GU9,29684,1173,130,81,73,128,177,74,42,12,82
HA0,48358,4398,18366,2794,265,314,7440,1793,3015,1010,938
HA1,39209,4212,8988,1772,178,679,3577,1371,1202,788,716
HA2,55268,3754,12775,1948,395,549,10165,2076,1982,1161,837
HA3,69554,5447,23518,2309,369,524,6801,2550,2688,1395,1576
HA4,50175,2760,3397,554,150,530,1408,530,614,244,290
HA5,44985,2737,8547,1035,209,475,2964,687,487,298,263
HA6,21984,1690,4639,541,49,343,1187,299,151,68,71
HA7,37197,2903,10997,927,182,426,3181,1235,692,630,557
HA8,66378,8477,12304,1607,498,1218,5968,5085,1278,1010,1145
HA9,47845,6266,12431,2790,375,701,5147,3240,3929,1424,2066
HD1,22962,1209,745,7395,213,319,502,404,610,108,462
HD2,29503,997,1390,4759,36,195,499,596,1720,300,151
HD3,29289,451,508,1400,9,121,210,145,380,83,59
HD4,30275,778,570,2687,112,185,236,364,606,128,134
HD5,31056,556,337,1119,23,138,216,303,786,169,172
HD6,27344,273,139,122,21,46,77,46,73,17,12
HD7,22676,256,59,89,0,28,42,50,84,11,6
HD8,34320,326,150,147,6,93,55,55,54,18,11
HD9,35389,371,128,89,3,72,37,34,61,15,9
HG1,34201,2053,237,39,30,327,341,230,45,123,43
HG2,33473,1334,198,33,24,167,177,168,40,97,16
HG3,26400,1357,37,13,7,91,76,99,18,104,34
HG4,25852,912,36,11,3,49,68,90,20,18,27
HG5,18417,349,51,16,4,39,50,19,15,19,8
HP1,24413,733,352,135,23,164,236,285,69,33,19
HP10,18965,569,249,131,38,30,167,45,139,47,12
HP11,13505,848,505,1757,100,165,434,327,377,120,34
HP12,22822,1503,586,5546,150,138,821,445,862,157,33
HP13,43059,2296,1098,5193,241,346,1072,734,1626,381,117
HP14,17723,409,106,137,7,48,137,64,143,30,31
HP15,17428,390,192,104,22,79,122,29,84,21,18
HP16,11846,366,58,21,4,18,68,22,21,4,5
HP17,10044,286,42,29,12,25,52,24,21,3,8
HP18,13522,338,67,30,8,24,45,36,37,29,16
HP19,23757,1142,345,1647,62,136,382,444,353,80,62
HP2,38432,1486,963,745,144,266,523,1133,314,116,64
HP20,14908,859,292,1473,33,70,365,268,291,46,60
HP21,33355,1304,731,2012,27,118,759,558,397,122,89
HP22,24698,563,131,98,18,86,113,49,57,16,19
HP23,17459,531,51,33,22,72,74,35,10,16,6
HP27,12211,313,38,73,7,42,51,17,34,20,5
HP3,32094,1060,705,1046,99,156,353,458,292,84,51
HP4,23973,868,200,47,17,113,118,42,23,9,25
HP5,25390,953,319,1563,72,95,226,122,85,20,24
HP6,14150,757,436,78,16,94,171,40,29,8,4
HP7,10625,567,270,54,16,111,194,30,20,7,9
HP8,6819,281,156,6,5,33,65,9,19,4,4
HP9,17153,986,425,90,34,158,155,58,25,5,23
HR1,31885,1328,242,24,5,96,145,67,28,9,41
HR2,39121,1739,37,10,5,37,102,28,12,12,21
HR3,7756,139,5,1,1,1,15,2,3,2,2
HR4,30339,1544,68,37,16,17,91,25,20,12,37
HR5,4670,103,24,0,0,8,41,7,3,1,0
HR6,20493,754,23,5,5,49,38,9,6,4,3
HR7,7155,219,9,0,0,13,9,4,5,6,0
HR8,14015,573,37,3,1,20,56,7,14,17,0
HR9,21059,652,18,0,0,25,49,7,8,5,2
HU1,3294,342,29,25,6,65,108,118,9,10,89
HU10,19057,179,122,71,1,30,45,31,3,8,44
HU11,11858,55,6,7,5,6,22,0,2,8,4
HU12,25596,219,14,3,4,45,27,13,5,6,14
HU13,15000,215,122,28,0,44,58,10,6,4,23
HU14,8278,108,135,24,0,18,33,21,5,0,10
HU15,24147,283,174,81,3,80,67,49,30,3,36
HU16,16466,208,119,36,15,55,62,51,11,4,64
HU17,43499,592,134,68,6,92,187,54,13,6,24
HU18,8774,69,5,7,0,7,11,3,4,4,3
HU19,7135,62,3,5,0,20,6,6,4,0,1
HU2,4017,353,32,24,42,38,109,100,5,14,35
HU20,1015,8,1,0,0,7,11,1,0,1,0
HU3,27335,3156,282,200,231,205,525,531,29,54,263
HU4,23208,376,59,52,35,67,86,66,16,16,42
HU5,51064,3293,233,294,325,896,356,599,74,59,261
HU6,33975,1192,140,121,39,569,186,607,39,55,234
HU7,42282,454,54,34,3,67,65,150,22,29,84
HU8,34815,395,57,38,35,82,80,94,13,23,8
HU9,42408,1080,215,91,36,141,113,216,32,24,121
HX1,24131,1236,445,11433,446,117,385,202,28,35,40
HX2,35876,730,55,999,16,62,57,68,53,15,7
HX3,45943,873,342,493,10,79,143,90,74,15,32
HX4,12176,84,25,41,1,17,11,20,16,5,5
HX5,10261,146,65,335,8,34,17,17,30,1,1
HX6,18688,232,24,88,1,58,53,11,13,4,8
HX7,13303,252,14,20,0,29,27,13,16,5,3
IG1,64550,3800,14940,13952,4999,449,5852,3881,2340,1159,671
IG10,31527,1514,665,203,59,164,254,345,190,75,35
IG11,53359,5282,3933,5039,4373,520,2122,9385,1587,1135,489
IG2,28968,1823,6340,2875,2323,352,4195,1062,886,310,101
IG3,36068,2089,9204,5930,2963,198,2883,1695,1298,598,185
IG4,8912,426,2172,1325,1123,108,947,169,206,76,24
IG5,17014,854,3044,1403,944,226,1857,649,497,159,82
IG6,26769,1880,2644,1315,905,314,1809,1051,744,258,71
IG7,20397,1378,1808,706,199,238,648,725,386,112,55
IG8,35245,2679,1878,1151,560,492,1074,1258,1026,333,181
IG9,12885,678,433,164,34,114,131,102,119,20,20
IP1,39543,2742,439,50,464,170,390,326,537,159,38
IP10,3058,61,1,0,2,1,7,10,7,0,1
IP11,29296,747,160,16,32,117,124,62,29,11,20
IP12,24397,523,62,40,48,58,103,79,79,30,3
IP13,18132,321,61,4,7,81,47,12,9,5,1
IP14,39003,633,73,13,34,90,86,50,30,19,3
IP15,2466,60,0,0,2,8,7,0,1,0,0
IP16,6546,132,13,2,11,28,38,1,2,1,0
IP17,10784,223,26,1,4,3,19,4,2,2,1
IP18,4060,78,1,0,4,33,6,3,3,0,0
IP19,10281,137,8,2,1,11,6,2,5,3,2
IP2,31133,1507,132,41,165,107,205,248,310,156,33
IP20,7792,81,2,3,0,14,11,9,1,1,3
IP21,11220,135,15,0,1,11,14,11,2,0,0
IP22,21876,583,55,8,30,51,65,38,24,10,1
IP23,7010,96,8,1,0,16,11,7,8,3,0
IP24,27825,4075,87,46,45,69,134,71,54,78,2
IP25,18213,851,25,13,29,17,42,48,77,17,3
IP26,8945,871,15,20,9,18,39,27,15,32,6
IP27,19013,3342,36,6,22,33,181,110,72,349,1
IP28,24498,3075,70,16,20,50,250,123,75,366,3
IP29,9017,230,10,3,1,19,15,5,12,4,1
IP3,34573,1525,625,67,581,281,348,289,433,125,37
IP30,13574,228,18,0,0,18,62,3,7,3,1
IP31,21299,419,26,8,6,15,44,61,25,20,9
IP32,17091,949,88,20,27,64,103,46,17,34,15
IP33,24205,1255,248,28,28,99,198,60,21,36,22
IP4,36366,1628,704,113,501,164,481,210,308,86,51
IP5,19649,409,341,23,11,123,118,65,51,19,22
IP6,16179,199,36,2,7,13,39,19,16,12,0
IP7,16621,340,60,0,7,20,57,95,49,50,1
IP8,10920,160,29,3,1,11,25,15,22,8,2
IP9,11349,176,18,0,11,40,22,9,12,6,2
KT1,23898,2899,779,297,141,492,1760,601,214,97,386
KT10,20893,1582,457,67,41,165,465,60,41,20,66
KT11,14980,1833,256,43,15,137,296,86,21,13,91
KT12,36834,2949,632,146,138,322,583,225,88,45,156
KT13,21292,2275,427,120,59,212,433,105,26,19,146
KT14,13350,785,147,167,30,73,204,83,24,13,65
KT15,27373,1406,408,145,99,173,494,143,66,18,49
KT16,18462,1083,348,69,38,114,521,181,44,23,33
KT17,23302,1197,525,152,59,298,627,146,76,27,122
KT18,17445,806,338,95,61,165,389,98,52,19,52
KT19,34098,2059,754,243,200,407,1395,431,170,95,220
KT2,30450,3849,1162,407,173,644,1577,418,192,76,634
KT20,20559,689,309,73,73,131,286,117,55,15,22
KT21,13726,487,165,31,16,92,104,45,30,15,12
KT22,24154,1452,383,93,88,169,340,78,44,22,80
KT23,10694,314,63,14,14,25,66,17,5,9,15
KT24,9515,446,38,7,6,57,55,22,15,0,9
KT3,38508,3283,1682,1363,233,690,6353,582,247,84,657
KT4,28910,1699,941,528,113,309,1909,204,177,54,452
KT5,20419,1773,914,354,108,329,1398,291,151,23,173
KT6,31422,3169,1423,418,188,611,1688,503,220,59,280
KT7,10365,706,220,29,30,51,128,30,26,3,23
KT8,19646,1417,291,82,203,169,283,85,48,14,75
KT9,21369,1125,374,191,68,196,888,284,92,45,125
L1,7074,666,135,29,7,423,101,115,50,31,288
L10,15093,91,175,3,1,41,92,39,4,8,22
L11,25226,492,153,10,20,113,75,300,24,34,45
L12,31797,357,199,60,18,501,87,162,22,44,102
L13,30565,491,282,27,38,281,192,271,38,53,195
L14,25142,282,344,7,12,136,152,230,19,45,39
L15,30009,911,394,305,276,456,255,602,146,209,394
L16,15115,144,106,68,8,212,38,44,30,24,34
L17,24159,859,181,128,80,298,164,311,110,136,247
L18,28413,640,379,260,78,389,141,196,79,78,171
L19,23729,610,114,40,51,194,87,150,48,46,68
L2,566,69,9,3,1,12,4,5,7,4,12
L20,31565,376,43,20,30,142,92,67,23,22,58
L21,25556,209,26,5,17,68,67,52,14,12,50
L22,13793,240,17,6,12,56,61,35,11,3,16
L23,30221,312,129,15,15,119,39,38,14,11,33
L24,15964,496,13,11,10,69,35,177,27,38,20
L25,33447,363,318,61,14,301,80,108,44,28,74
L26,15150,175,77,11,0,123,48,38,34,14,21
L27,6427,49,17,5,0,18,19,43,15,14,4
L28,6274,27,5,0,1,22,14,36,4,15,11
L29,404,0,0,0,0,5,0,0,0,0,0
L3,17830,1038,488,212,33,1180,289,382,83,39,461
L30,19872,83,15,16,6,36,11,32,7,10,3
L31,30801,166,55,10,8,72,40,32,13,9,7
L32,20447,132,21,1,0,34,13,30,15,10,3
L33,16939,134,27,0,0,19,26,33,10,4,1
L34,12015,105,68,21,8,28,72,28,8,4,3
L35,31064,170,245,54,2,116,235,41,20,11,29
L36,39929,207,66,21,5,86,55,62,22,24,22
L37,23542,273,45,9,13,60,44,17,17,13,7
L38,2579,15,8,0,0,7,2,4,0,1,3
L39,28676,307,149,21,6,89,74,56,23,5,19
L4,40268,506,50,37,8,248,165,279,35,46,127
L40,18033,141,44,13,1,17,41,17,2,0,14
L5,12448,315,57,17,16,99,72,236,33,27,104
L6,23727,1100,389,194,50,503,260,1278,119,140,327
L7,18006,1138,498,144,89,1379,496,1032,128,170,529
L8,32577,1341,343,335,247,1033,590,2340,373,1097,2301
L9,32637,422,336,49,22,160,64,216,55,42,91
LA1,52049,2284,892,326,226,755,326,281,59,26,98
LA10,4002,61,7,4,0,43,8,0,0,0,1
LA11,9673,182,7,0,0,17,17,16,1,1,2
LA12,20194,316,48,2,1,21,51,15,8,1,3
LA13,18812,151,37,5,9,38,61,14,0,1,18
LA14,38513,378,95,42,33,130,135,33,7,4,14
LA15,7827,40,4,0,1,8,23,9,0,2,3
LA16,3462,29,1,0,0,7,4,0,0,0,0
LA17,1174,18,0,0,0,0,1,0,0,0,0
LA18,9070,86,11,32,4,11,13,13,10,3,1
LA19,972,11,0,0,0,0,2,1,0,1,0
LA2,22304,512,210,44,5,319,86,47,17,2,20
LA20,1159,14,1,0,0,0,0,1,0,0,0
LA21,928,24,0,0,0,0,1,0,0,0,0
LA22,4943,250,7,7,12,8,13,5,9,0,0
LA23,9137,623,15,8,22,41,50,21,19,3,3
LA3,24447,790,44,19,15,54,72,50,13,6,24
LA4,26392,830,45,22,39,74,65,51,17,10,15
LA5,16416,161,29,2,24,33,27,45,4,4,7
LA6,12506,157,9,7,0,62,18,4,2,1,3
LA7,5317,81,0,0,1,17,10,9,2,0,2
LA8,9008,153,6,2,1,4,12,4,6,1,0
LA9,30399,639,87,16,16,54,52,30,22,3,21
LE1,13308,1119,2037,317,96,1090,536,1603,276,539,592
LE10,47474,713,591,78,49,135,221,64,38,11,28
LE11,60367,2739,4083,274,1948,1664,1095,721,155,58,343
LE12,62122,891,551,45,33,225,145,52,72,24,35
LE13,27158,880,229,4,0,67,100,32,23,15,3
LE14,17321,231,41,0,0,28,27,4,9,3,0
LE15,32325,714,101,37,7,118,77,110,102,26,5
LE16,34975,899,226,34,21,134,132,111,54,20,18
LE17,20648,287,148,9,3,35,40,18,8,2,5
LE18,32861,471,2034,301,44,78,256,86,201,34,24
LE19,14762,172,226,16,1,28,39,23,27,17,12
LE2,119026,4404,24134,3059,1999,2228,3883,3133,1630,753,1153
LE3,100913,6342,9597,635,101,865,1764,3087,1082,537,398
LE4,97057,2927,35226,1272,257,416,4037,2793,1002,775,249
LE5,85435,2156,38107,3900,1322,254,4441,2452,1280,865,1205
LE6,12073,132,424,28,2,49,59,16,26,1,7
LE65,14025,187,159,9,4,55,31,10,7,6,1
LE67,58904,764,417,10,15,110,192,72,57,23,23
LE7,44781,526,2563,73,23,130,157,100,81,23,24
LE8,35013,417,541,35,6,88,100,34,61,10,19
LE9,55247,652,604,36,13,88,123,78,66,11,24
LN1,28362,839,98,29,17,82,104,57,35,18,41
LN10,5985,92,13,3,6,8,16,5,4,3,3
LN11,28222,300,37,16,0,34,36,27,9,3,5
LN12,13221,81,30,1,0,8,25,5,4,0,2
LN13,7766,64,0,6,6,9,9,1,3,0,1
LN2,38637,1776,362,107,30,170,210,184,52,44,99
LN3,8895,99,34,8,1,4,16,22,5,5,2
LN4,38658,545,58,17,25,49,67,51,28,13,13
LN5,32187,1816,113,13,53,127,136,137,37,24,23
LN6,58349,1263,175,23,57,215,224,192,102,38,48
LN7,6070,46,23,0,1,2,6,9,2,0,1
LN8,17283,234,29,0,0,25,11,30,12,5,2
LN9,9675,113,19,5,18,13,17,10,3,4,1
LS1,5759,345,239,66,8,176,161,81,44,20,284
LS10,35534,1263,527,142,49,212,185,1091,128,174,94
LS11,34795,2238,711,3258,1236,232,666,1741,200,312,177
LS12,40949,1928,702,1141,35,176,352,767,165,120,114
LS13,35021,773,267,123,22,115,82,330,64,66,28
LS14,34484,560,304,303,28,79,247,475,118,96,18
LS15,34991,515,162,81,21,107,107,327,66,73,37
LS16,36457,844,947,643,66,220,464,219,98,76,552
LS17,43426,1499,2835,1994,122,475,829,459,422,208,293
LS18,18895,358,165,57,3,115,75,60,49,12,26
LS19,19835,245,119,43,9,92,43,21,19,9,13
LS2,10120,906,496,235,49,869,539,421,122,85,617
LS20,12663,160,65,55,1,23,31,12,17,5,16
LS21,17729,350,65,15,9,26,33,17,20,8,11
LS22,15791,267,46,39,11,35,23,9,19,8,3
LS23,9207,98,40,70,12,5,21,4,18,5,6
LS24,11849,115,20,10,0,16,22,51,10,0,1
LS25,39917,361,127,46,10,70,52,101,37,26,11
LS26,30021,272,146,56,3,122,55,64,33,10,13
LS27,35695,591,621,149,19,177,146,119,77,54,31
LS28,37896,482,1197,818,20,195,255,129,55,43,40
LS29,31456,619,96,58,5,71,53,20,19,22,13
LS3,2876,148,176,269,8,101,117,93,42,40,46
LS4,9072,341,312,418,28,79,153,166,71,155,209
LS5,8507,323,139,112,9,73,92,139,47,60,38
LS6,48277,1855,1432,1715,74,728,656,956,386,242,444
LS7,28266,1321,998,1606,403,350,727,1833,2332,955,213
LS8,48286,2233,2265,7830,2072,589,1825,1799,1520,691,218
LS9,36406,1655,549,887,95,376,1218,3421,512,661,196
LU1,43355,5108,2166,5730,2686,533,1238,2337,1351,539,505
LU2,56890,3845,2698,2075,1284,443,933,1923,1623,545,484
LU3,60550,2814,3026,9230,5671,403,1402,2626,2481,752,356
LU4,52069,2682,2838,12356,3977,156,2363,2355,2780,740,309
LU5,38285,1254,599,147,63,220,400,862,514,127,72
LU6,30833,854,280,45,46,144,250,293,159,38,24
LU7,53968,1675,268,53,14,208,278,216,101,52,44
M1,12221,1508,440,189,27,1788,425,215,80,74,431
M11,20443,897,156,404,40,826,307,2603,310,474,124
M12,16176,480,300,3984,838,491,598,1601,584,515,336
M13,23961,1018,1261,5019,2371,1466,906,1602,671,551,591
M14,52820,2649,2025,4166,1007,1231,1473,3532,1863,1275,1709
M15,22310,1922,572,498,75,1922,934,1602,885,486,686
M16,35721,2085,2855,6574,274,420,940,2040,3015,1234,1114
M18,23267,1016,143,946,130,403,389,2550,495,546,129
M19,34586,1266,661,7194,834,450,699,918,617,436,687
M20,48595,2316,1335,2014,444,631,757,552,486,357,1022
M21,29583,1193,475,2770,141,298,442,360,553,279,498
M22,42371,1953,882,676,92,284,432,850,260,403,232
M23,30949,1049,628,409,37,298,329,634,274,232,265
M24,46748,951,127,276,32,355,146,600,103,91,57
M25,31475,1621,403,1563,48,227,379,240,165,41,108
M26,34813,517,206,510,30,198,212,159,66,31,47
M27,42069,885,245,220,138,325,170,613,66,53,76
M28,39425,603,507,128,23,277,129,253,61,38,64
M29,22896,222,66,29,2,106,47,114,34,14,29
M3,11709,1352,290,104,4,611,298,451,51,38,289
M30,35983,1346,286,321,344,193,360,508,86,49,529
M31,8395,161,12,23,0,35,25,87,61,23,2
M32,28586,1083,1012,1551,84,221,323,318,1115,259,162
M33,60474,1521,1273,644,98,807,433,344,347,96,370
M34,46290,503,232,394,111,237,107,231,94,55,25
M35,20680,180,44,143,42,89,64,93,53,23,11
M38,12958,292,40,30,3,47,39,275,20,20,21
M4,10740,934,294,124,18,555,223,206,92,64,204
M40,40857,960,207,476,37,815,466,2547,361,551,166
M41,41481,502,301,215,40,228,175,114,303,75,58
M43,23255,188,154,147,48,181,52,211,53,26,14
M44,19689,311,111,51,23,158,49,96,28,12,16
M45,22722,710,290,555,38,239,184,252,145,39,107
M46,22203,205,103,42,0,63,65,148,32,16,17
M5,15729,1214,225,150,8,295,215,670,98,84,98
M50,3449,427,149,81,4,147,57,160,22,15,78
M6,31974,1292,461,326,29,457,335,1111,119,85,222
M60,1437,89,36,70,8,99,30,21,27,6,8
M7,27746,3148,332,551,31,290,385,1429,149,162,179
M8,31098,1942,1142,9718,145,610,2186,1788,452,475,1276
M9,39518,1644,243,856,68,903,558,2643,341,546,267
ME1,31192,1115,1003,127,322,204,353,415,172,67,70
ME10,47582,1551,296,61,62,100,179,641,102,59,14
ME11,3407,48,3,0,4,9,4,14,2,0,1
ME12,36884,691,111,40,118,64,114,182,128,40,7
ME13,27959,892,58,2,13,41,65,36,20,12,20
ME14,31714,1483,272,93,89,157,993,229,113,25,39
ME15,47659,1960,221,132,142,112,732,330,95,60,30
ME16,30046,1498,532,95,101,111,608,208,90,46,59
ME17,22389,588,71,6,22,47,119,52,23,8,4
ME18,6803,158,25,0,2,10,21,6,5,9,2
ME19,21797,589,153,40,22,100,97,38,30,7,42
ME2,39529,838,1201,72,46,119,246,625,170,56,58
ME20,20645,317,131,30,38,51,105,61,37,12,25
ME3,26184,362,270,43,45,50,94,158,46,34,14
ME4,30191,2626,1526,243,495,224,541,1120,252,98,143
ME5,51409,1124,634,164,99,116,235,941,243,107,34
ME6,10211,224,21,10,11,18,42,11,11,0,2
ME7,51775,2018,1993,703,281,238,937,1325,441,117,161
ME8,49214,623,737,178,48,128,268,229,137,25,44
ME9,20553,347,69,4,9,19,35,116,29,15,5
MK1,585,41,6,1,1,10,17,63,5,9,1
MK10,13825,1028,633,240,54,244,307,1181,136,128,49
MK11,7736,203,74,145,17,36,85,199,45,23,11
MK12,12492,481,146,938,132,46,369,490,113,70,9
MK13,18860,884,438,308,51,132,597,969,206,132,29
MK14,18700,1051,469,290,126,161,744,1545,219,169,33
MK15,7205,401,310,113,3,124,166,195,71,19,9
MK16,18500,566,131,26,12,93,101,117,44,14,13
MK17,17229,503,101,24,5,81,62,76,45,14,16
MK18,30663,1000,189,99,16,117,211,243,105,42,67
MK19,11258,241,104,17,0,11,30,47,19,19,6
MK2,14316,784,167,119,966,83,229,618,159,85,23
MK3,22625,796,358,130,186,211,232,643,296,122,36
MK4,21867,992,1253,309,61,441,418,1071,298,107,55
MK40,31009,3981,1351,2310,1647,345,1015,834,661,125,139
MK41,42537,2920,1674,245,270,245,447,776,952,206,90
MK42,44558,4503,4637,660,1296,204,789,1016,1114,248,88
MK43,32983,1176,597,73,5,324,289,306,109,38,168
MK44,15317,380,99,14,10,38,63,29,32,9,9
MK45,43049,853,315,41,26,224,164,116,120,25,20
MK46,9126,244,26,9,14,27,37,53,11,6,9
MK5,15438,820,1264,331,42,242,363,722,188,99,80
MK6,28113,1906,1158,500,224,337,1726,3623,377,382,96
MK7,14559,963,473,150,35,263,256,739,148,69,45
MK8,12062,610,780,196,45,149,303,518,143,63,56
MK9,3366,530,373,40,16,88,121,269,41,31,10
N1,91056,14956,1568,340,2098,2174,2494,6911,3455,2515,780
N10,27992,4622,610,84,84,275,609,807,507,302,183
N11,29879,5794,2493,359,379,592,1555,1693,855,480,222
N12,28898,4768,3530,408,192,684,2115,952,340,248,376
N13,31783,8457,1995,507,423,264,1214,1414,1263,523,224
N14,29956,6335,2210,374,289,655,1346,780,524,217,165
N15,43718,11731,926,344,1104,646,1601,5006,4040,1405,375
N16,68567,12298,2575,526,1227,499,1300,4542,4227,1995,318
N17,63538,14401,1281,620,1309,927,2347,10737,7783,2717,688
N18,31742,6896,1189,252,665,209,1872,5029,3207,1552,339
N19,33752,5118,506,133,703,420,884,2122,1676,945,308
N2,23968,4103,1161,237,112,319,863,930,217,194,238
N20,19024,2944,1385,132,109,379,946,614,161,91,98
N21,23500,4147,1043,221,130,225,632,498,548,205,80
N22,42851,11809,1522,380,934,848,1594,3302,2495,1233,394
N3,26534,4870,2848,308,166,654,1791,839,187,151,275
N4,47291,9786,867,280,1012,790,1350,3809,2647,1251,502
N5,24287,3807,329,64,430,276,493,1061,829,612,197
N6,19474,3612,361,87,34,261,422,341,319,140,88
N7,48157,8107,861,247,1219,1097,1529,3349,2040,1575,588
N8,40037,7727,859,229,518,487,1055,1744,1765,547,365
N9,52193,9375,1631,416,1391,286,2914,7922,5180,2461,456
NE1,9051,639,206,67,14,1374,449,211,26,10,375
NE10,36221,356,124,70,30,105,186,123,13,17,34
NE11,16459,185,95,40,21,112,39,59,1,3,6
NE12,35096,411,344,55,38,187,151,104,17,8,30
NE13,12851,95,141,52,6,34,54,37,3,1,47
NE15,32691,536,177,198,160,84,171,155,5,19,30
NE16,25674,205,86,21,7,72,74,24,5,4,11
NE17,4669,30,2,20,3,5,4,5,5,2,1
NE18,927,11,3,1,0,6,1,0,0,0,1
NE19,2273,46,7,0,0,4,4,2,0,0,0
NE2,29529,1243,461,215,68,1392,500,320,40,28,153
NE20,11873,163,312,98,47,53,54,22,2,2,14
NE21,17276,144,42,15,1,41,31,18,12,1,15
NE22,17884,105,40,16,15,15,32,8,0,0,4
NE23,39233,286,74,9,23,53,53,18,18,3,6
NE24,38076,252,125,36,67,63,74,8,10,0,8
NE25,29808,248,114,23,161,45,54,31,4,6,21
NE26,19326,281,58,39,130,61,62,6,8,3,21
NE27,12024,149,105,49,49,86,38,35,1,4,24
NE28,44749,583,175,67,96,317,166,231,16,22,15
NE29,35613,470,208,64,135,127,294,103,25,17,58
NE3,53050,1291,1230,713,447,766,606,593,34,42,784
NE30,22333,311,67,14,72,33,57,24,15,7,7
NE31,20130,111,48,11,39,23,40,25,15,2,34
NE32,25389,127,70,14,54,36,41,19,9,3,37
NE33,27069,314,221,268,1195,72,187,149,20,13,335
NE34,52479,280,148,68,120,44,136,108,17,19,111
NE35,6428,44,49,17,40,26,12,8,0,4,6
NE36,6854,29,18,9,25,19,12,5,0,1,9
NE37,21056,201,70,35,42,33,48,66,2,11,3
NE38,31101,203,186,47,71,76,75,46,12,8,27
NE39,8575,59,19,2,0,9,13,2,1,4,1
NE4,37437,1899,1703,4075,3436,1053,1980,1700,48,83,878
NE40,15635,114,21,3,7,23,21,9,0,6,1
NE41,2197,37,4,0,0,0,3,1,2,0,1
NE42,12607,119,24,10,2,16,38,2,4,0,0
NE43,4523,59,7,7,0,6,8,0,0,0,1
NE44,966,22,1,0,1,3,1,0,0,0,0
NE45,3672,31,1,1,0,7,6,0,1,1,2
NE46,15537,222,22,0,6,13,29,7,1,0,9
NE47,7917,88,12,1,9,5,8,5,2,2,2
NE48,4294,47,1,0,1,2,2,2,0,0,0
NE49,4344,23,1,4,0,1,2,5,1,1,0
NE5,49103,559,402,313,131,416,453,499,20,20,188
NE6,51027,1501,376,348,174,585,590,1086,36,71,89
NE61,31269,324,73,8,53,40,42,37,9,2,6
NE62,9636,56,13,18,0,10,7,2,6,0,0
NE63,27789,150,103,51,31,57,154,8,5,4,0
NE64,6308,45,1,13,5,8,6,3,0,0,5
NE65,20764,148,25,42,18,28,30,40,47,12,4
NE66,17590,235,32,13,7,22,27,3,5,1,3
NE67,834,8,0,0,0,1,0,0,0,0,1
NE68,1959,31,1,0,0,1,4,0,0,0,0
NE69,414,4,0,0,0,0,0,1,0,1,0
NE7,15468,337,409,406,256,347,155,102,8,6,61
NE70,1754,21,0,0,0,2,1,0,0,0,0
NE71,2949,30,4,1,0,0,2,0,0,0,0
NE8,33430,2070,341,289,136,594,414,522,42,32,160
NE9,37508,440,132,101,37,70,110,113,10,18,48
NG1,12897,1092,661,170,43,1446,327,421,209,70,399
NG10,46649,775,538,53,11,150,152,68,261,49,22
NG11,37499,691,575,168,20,147,326,251,222,89,32
NG12,33165,471,401,128,4,69,105,22,74,20,25
NG13,21384,317,64,38,0,55,35,30,46,10,7
NG14,19439,221,84,70,19,19,42,39,124,30,4
NG15,40698,454,287,66,9,98,142,89,120,39,4
NG16,63551,651,508,199,33,148,188,64,118,31,31
NG17,72786,1125,241,51,42,145,191,103,105,23,17
NG18,41526,2276,291,89,121,103,140,109,100,25,28
NG19,52276,1296,231,41,71,104,85,42,88,26,10
NG2,58609,2894,2310,3395,130,583,895,1284,835,261,242
NG20,26190,522,52,12,3,22,19,22,30,11,4
NG21,22181,217,55,21,0,17,27,17,24,2,3
NG22,26293,286,39,21,5,27,25,20,25,9,6
NG23,17245,189,27,1,7,25,17,7,16,2,2
NG24,44805,2076,206,52,43,142,132,76,100,24,19
NG25,8913,140,33,4,3,13,15,14,17,0,7
NG3,48188,2959,1145,2090,157,632,943,1614,1915,570,210
NG31,44341,2512,243,61,21,234,271,197,36,27,20
NG32,12428,205,24,6,0,21,18,7,2,4,1
NG33,9859,143,18,0,0,7,11,7,6,6,2
NG34,41202,980,109,11,33,76,67,36,31,26,15
NG4,40835,862,305,523,21,128,162,126,398,56,40
NG5,87555,2592,1906,1721,117,544,889,1425,2341,482,147
NG6,37485,1020,583,438,38,168,230,729,1112,338,37
NG7,58012,4259,2964,6054,412,1822,2126,2557,1786,628,865
NG8,63961,2213,2231,3958,204,894,1184,1834,1776,593,528
NG9,73213,2781,1465,662,77,1365,748,543,374,104,463
NN1,29834,3922,1020,333,1110,265,388,1321,589,271,138
NN10,38231,791,328,44,11,98,110,257,125,34,25
NN11,37442,1419,306,98,31,94,141,126,56,23,3
NN12,23027,455,83,26,21,48,59,23,29,13,5
NN13,18728,615,59,4,4,40,85,29,14,31,6
NN14,43269,956,170,20,15,74,104,95,55,28,21
NN15,33965,1042,734,33,35,133,196,236,75,47,72
NN16,30143,1878,970,101,52,134,367,351,86,35,59
NN17,26709,2130,74,8,26,39,66,67,29,31,11
NN18,32911,3443,273,26,111,57,100,710,100,69,13
NN2,38139,2183,751,298,408,531,240,847,459,166,77
NN29,11520,158,52,4,0,15,38,8,21,8,4
NN3,68586,3102,1924,557,717,436,591,2465,1125,490,181
NN4,46714,2550,1369,251,183,303,373,788,442,222,100
NN5,38050,2298,575,137,961,199,290,1111,382,198,59
NN6,33324,557,131,15,4,44,72,38,58,8,0
NN7,27299,408,133,8,12,33,52,23,42,8,2
NN8,49047,3429,2943,270,529,145,323,862,1364,367,51
NN9,26277,562,178,13,10,41,41,83,70,20,6
NR1,24791,1324,450,30,115,211,238,261,56,44,64
NR10,22812,254,29,9,9,17,52,46,26,15,16
NR11,17681,208,17,2,8,17,25,8,6,2,1
NR12,20435,265,15,1,7,23,42,12,17,1,2
NR13,26689,312,48,6,2,41,89,34,19,3,23
NR14,23747,368,36,7,12,32,67,13,12,2,2
NR15,15806,176,25,5,7,28,26,7,4,2,4
NR16,11953,208,8,1,1,16,26,17,8,2,4
NR17,15772,566,39,5,12,36,32,22,17,15,0
NR18,17556,352,54,6,8,84,64,38,8,11,11
NR19,20359,633,38,10,0,38,56,22,21,10,3
NR2,25951,1582,270,46,62,212,221,254,44,20,65
NR20,19331,275,49,3,4,12,35,25,20,6,0
NR21,15815,307,20,0,9,23,39,4,5,6,1
NR22,819,23,0,0,0,2,1,0,4,0,0
NR23,3009,81,6,0,4,3,2,2,2,0,0
NR24,4462,101,1,1,1,7,9,2,3,0,1
NR25,8878,176,15,0,3,33,5,7,5,0,1
NR26,8299,108,7,0,2,6,24,3,4,3,0
NR27,11733,338,20,0,11,30,35,10,5,2,1
NR28,17532,210,20,1,22,9,40,5,7,1,2
NR29,19924,205,8,2,0,15,33,6,12,5,3
NR3,32971,2187,216,44,210,175,279,458,50,29,90
NR30,30701,2195,77,39,11,104,158,145,39,31,27
NR31,49914,1117,361,75,7,71,248,135,38,32,47
NR32,38657,642,107,27,52,115,126,98,62,30,3
NR33,39467,557,45,18,35,89,123,80,24,21,3
NR34,22269,261,23,9,5,43,37,24,6,8,2
NR35,10894,178,18,0,0,20,36,5,3,3,7
NR4,21522,885,506,83,69,847,382,318,64,19,110
NR5,29288,1079,355,74,48,249,560,431,63,46,324
NR6,23908,596,104,3,41,80,139,84,13,12,22
NR7,31811,548,153,13,67,105,151,77,23,17,24
NR8,20486,415,137,16,19,70,102,99,6,10,17
NR9,16845,313,60,13,1,51,33,43,10,3,8
NW1,60339,10516,1755,404,5167,1879,2460,3855,981,1262,1581
NW10,91997,15259,6022,3145,521,720,5928,11318,10651,5042,3460
NW11,32684,7374,1525,380,133,611,1748,870,155,126,386
NW2,66968,13167,4265,2882,602,920,5018,4999,2908,1864,3009
NW3,51891,12482,1614,336,1078,1178,2160,1365,602,508,518
NW4,31932,6964,3104,548,165,1200,2108,1778,274,200,530
NW5,31125,4305,337,125,1849,350,759,1842,605,576,284
NW6,63903,12557,2057,824,881,1106,2806,4141,2453,1412,2234
NW7,25670,3212,1947,605,142,684,1585,1532,374,247,278
NW8,34353,7131,1753,567,1761,809,2273,1859,513,521,2894
NW9,60545,8515,11559,2790,457,1658,6429,5253,2059,1215,2248
OL1,21480,336,165,434,4020,64,121,420,153,84,32
OL10,27794,489,60,269,49,100,93,174,38,43,27
OL11,45812,1176,362,10245,571,190,870,621,55,89,93
OL12,45667,786,382,5605,590,152,908,418,55,69,79
OL13,15099,157,23,46,47,54,28,10,14,1,2
OL14,15481,345,19,333,71,17,38,12,17,3,3
OL15,14461,176,22,61,15,40,31,18,13,10,3
OL16,37825,544,163,5830,3107,118,936,305,26,52,51
OL2,42349,368,146,281,667,91,103,54,92,34,16
OL3,14997,151,45,63,38,28,17,11,21,6,7
OL4,45060,563,167,9392,1380,125,462,299,209,46,34
OL5,10921,153,42,5,68,21,25,21,16,7,1
OL6,28793,1034,1639,2372,508,132,230,274,50,40,54
OL7,16763,491,841,1329,453,67,115,137,36,23,10
OL8,39046,737,687,9335,3019,180,803,362,153,56,21
OL9,41285,490,301,3038,7144,149,318,401,158,69,33
OX1,25623,3504,712,253,213,930,515,337,97,45,163
OX10,26363,876,133,25,35,75,171,74,54,27,3
OX11,33102,1440,303,45,65,171,200,212,43,20,36
OX12,25264,726,133,16,4,59,80,94,12,27,5
OX13,13459,425,59,16,5,49,167,266,59,50,3
OX14,44510,2328,367,150,68,338,342,278,124,47,50
OX15,18099,395,29,7,2,41,58,17,18,10,8
OX16,46853,3017,735,2065,45,187,439,479,206,107,30
OX17,16975,373,21,17,4,19,29,21,21,11,2
OX18,25301,686,59,20,38,34,112,69,37,23,5
OX2,39695,5753,668,412,200,951,792,346,127,77,208
OX20,4734,285,30,2,5,13,29,4,10,0,0
OX25,9619,387,43,45,5,22,60,76,79,76,8
OX26,33494,1678,356,106,58,194,307,204,180,63,25
OX27,6517,417,26,7,1,12,30,27,18,34,1
OX28,27522,1234,151,33,81,150,187,110,33,27,30
OX29,23060,616,59,29,7,50,97,48,16,6,6
OX3,43437,4446,1667,1111,412,1226,1634,1379,397,167,292
OX33,7623,351,58,21,12,19,47,58,16,0,14
OX39,6881,136,26,0,8,6,20,1,9,6,1
OX4,61972,6375,1632,3200,1045,614,1446,2499,1292,430,318
OX44,8307,280,60,23,1,13,26,12,8,0,2
OX49,4324,139,1,1,2,6,49,5,1,1,3
OX5,23419,1041,487,138,73,206,233,231,104,26,67
OX7,22852,746,51,11,21,57,85,38,12,2,12
OX9,13822,449,66,5,17,42,68,17,21,6,13
PE1,49173,9496,1565,9121,151,248,2017,700,342,209,246
PE10,21906,484,39,9,7,46,74,48,23,12,9
PE11,43230,4842,132,37,30,101,150,74,38,22,4
PE12,39782,1444,103,11,24,56,62,48,25,22,9
PE13,34893,3806,175,9,21,95,136,73,41,20,3
PE14,20803,479,38,1,8,25,65,30,22,8,2
PE15,29915,1014,95,42,36,58,127,81,90,64,4
PE16,10453,360,32,5,0,22,50,34,21,5,1
PE19,43968,1460,170,78,20,175,199,171,66,37,20
PE2,44540,4209,769,332,7,201,407,724,253,92,54
PE20,13986,589,34,8,0,6,15,10,6,15,2
PE21,42787,7381,318,135,72,123,183,153,42,26,59
PE22,16919,229,49,8,12,2,24,25,14,8,3
PE23,8507,93,19,6,2,9,8,17,7,1,3
PE24,11830,57,6,3,0,8,14,3,7,0,2
PE25,21638,869,42,19,47,72,35,56,23,6,14
PE26,11945,351,59,10,11,16,57,27,17,11,3
PE27,20015,988,122,449,170,56,123,83,46,15,7
PE28,47574,1878,196,81,67,114,258,202,132,141,35
PE29,29782,2529,471,338,84,170,452,324,107,132,68
PE3,28897,2901,1424,2203,56,147,870,521,249,70,76
PE30,43989,4069,481,93,25,238,370,170,31,59,43
PE31,20003,245,14,0,1,23,39,4,5,2,1
PE32,15294,294,30,1,0,19,24,12,14,7,7
PE33,15945,319,52,3,3,39,29,28,12,15,6
PE34,14384,268,19,10,0,10,28,26,14,4,4
PE36,6529,143,10,6,0,5,17,2,3,2,0
PE37,10224,333,46,0,3,25,37,12,18,11,1
PE38,14809,395,20,1,7,19,35,35,14,10,4
PE4,28361,1471,422,187,3,133,189,230,191,48,32
PE5,1589,38,4,1,0,3,9,0,1,4,0
PE6,35553,666,197,32,8,76,83,82,70,32,7
PE7,42311,1669,460,252,9,198,199,309,164,81,23
PE8,17500,583,61,11,1,92,81,38,29,15,4
PE9,31189,883,149,18,35,93,88,51,37,6,14
PL1,22698,1609,121,28,79,261,213,259,71,22,111
PL10,3656,62,12,1,0,1,4,1,8,2,0
PL11,10359,125,6,0,8,14,20,4,2,5,0
PL12,21787,250,9,0,2,39,36,8,12,3,2
PL13,9438,110,9,0,14,15,39,5,5,0,0
PL14,22966,335,4,14,1,32,35,7,25,5,1
PL15,19907,583,28,3,17,35,87,15,8,5,2
PL16,1753,12,2,0,0,3,1,0,0,0,0
PL17,10022,240,6,0,5,14,47,9,1,2,2
PL18,4810,68,1,0,0,1,10,1,2,4,1
PL19,16423,222,17,1,10,32,41,4,2,1,1
PL2,31458,696,77,24,22,152,118,100,46,32,31
PL20,12081,192,11,3,7,14,25,17,14,3,11
PL21,17389,224,12,1,21,26,21,9,7,4,0
PL22,3695,70,2,0,0,1,12,0,2,0,0
PL23,3519,41,0,1,0,1,12,1,0,1,0
PL24,10156,140,3,0,0,12,11,3,2,4,1
PL25,25551,400,29,1,39,40,54,18,19,2,20
PL26,26673,457,17,0,3,39,35,4,14,3,6
PL27,12227,180,5,1,12,13,50,4,12,2,0
PL28,4434,90,1,0,0,3,12,0,6,0,0
PL29,1029,14,10,3,7,0,0,0,0,1,0
PL3,30951,800,97,21,32,143,138,142,26,34,38
PL30,10557,168,2,1,0,4,12,1,4,2,1
PL31,14736,562,27,0,2,16,85,6,18,4,1
PL32,4326,70,0,0,0,7,7,3,2,0,0
PL33,1647,21,0,0,1,0,0,0,0,0,0
PL34,1782,56,4,0,2,0,5,3,1,0,0
PL35,940,12,0,0,0,0,5,0,2,0,1
PL4,36464,2239,245,75,160,491,316,389,57,60,137
PL5,42916,629,88,35,25,55,159,96,48,26,18
PL6,41200,535,197,13,34,92,215,72,34,25,65
PL7,31474,298,57,3,8,37,41,24,31,16,10
PL8,5734,88,3,0,0,3,10,4,1,0,0
PL9,27961,325,24,6,3,32,50,30,38,19,7
PO1,28841,1515,526,94,719,667,419,670,109,52,540
PO10,18360,341,55,5,22,30,77,80,38,18,8
PO11,17379,323,42,14,14,43,46,26,8,7,6
PO12,47846,839,258,25,126,104,145,133,39,31,9
PO13,34776,500,170,6,23,110,106,188,144,57,39
PO14,32177,496,167,10,37,88,91,36,28,10,40
PO15,22884,491,209,19,42,88,76,47,36,9,23
PO16,32656,476,167,46,41,186,103,64,21,12,27
PO17,6527,136,51,11,6,20,22,12,4,3,9
PO18,13017,326,31,1,1,20,43,25,9,2,24
PO19,30245,1248,286,25,87,190,376,143,43,27,57
PO2,42043,1282,358,132,890,388,493,535,108,59,78
PO20,32121,842,60,4,37,76,102,45,27,11,3
PO21,40302,3375,149,26,173,159,229,111,42,22,10
PO22,28350,910,67,6,51,63,89,36,30,8,6
PO3,19286,355,111,18,111,144,132,104,29,16,14
PO30,30309,467,103,22,47,42,212,80,69,30,19
PO31,14398,358,35,24,27,16,87,0,5,5,3
PO32,8101,132,25,3,0,11,37,2,0,1,4
PO33,31007,616,115,24,46,64,152,35,25,8,10
PO34,2083,31,6,0,0,3,2,2,0,0,0
PO35,3688,97,11,0,0,6,9,1,2,1,0
PO36,16958,326,61,3,8,29,58,9,4,0,6
PO37,9072,210,27,1,2,19,22,2,3,1,4
PO38,12547,212,41,0,1,15,12,4,5,0,4
PO39,2645,41,2,1,0,9,40,1,0,1,0
PO4,44069,1797,719,102,716,477,539,694,156,59,137
PO40,5436,71,6,2,0,4,10,4,2,0,1
PO41,2021,44,3,0,0,1,8,1,0,0,1
PO5,29923,2123,739,151,1066,773,765,746,92,63,275
PO6,40563,641,455,42,147,162,411,209,46,30,33
PO7,40172,544,204,48,30,158,159,75,25,27,33
PO8,33840,394,99,9,45,88,100,40,10,11,42
PO9,48689,591,176,9,85,89,135,114,21,42,53
PR1,71549,3195,10165,3355,271,887,794,383,523,90,482
PR2,79208,1852,4424,1117,112,409,530,295,371,60,141
PR25,30781,393,120,45,8,87,52,13,30,15,11
PR26,15588,146,38,70,9,41,41,29,42,20,7
PR3,37971,333,140,18,9,46,70,22,14,7,16
PR4,57595,841,252,88,6,124,136,35,49,36,46
PR5,41203,592,288,92,8,74,112,48,99,20,19
PR6,34691,426,291,310,77,74,61,11,72,10,38
PR7,55452,622,269,157,17,135,129,53,89,13,74
PR8,53618,1486,220,24,113,277,183,105,72,13,96
PR9,42900,1621,130,29,94,140,119,93,53,14,54
RG1,42332,4805,3381,3013,233,596,2679,2169,895,352,380
RG10,18256,778,259,62,4,43,120,25,46,11,28
RG12,51883,2743,1004,258,58,277,1046,1057,191,99,77
RG14,37838,1900,663,160,59,188,247,210,71,25,63
RG17,15094,451,84,6,5,15,62,20,11,6,4
RG18,19056,582,85,20,40,73,69,82,22,17,2
RG19,17656,573,153,55,18,79,73,105,40,21,13
RG2,37616,2215,1261,1546,180,432,1071,1753,683,263,162
RG20,18884,485,40,25,7,34,57,23,12,7,7
RG21,26927,1746,1041,93,130,608,908,290,110,43,44
RG22,41762,1442,516,153,83,251,450,313,129,38,46
RG23,12269,290,70,17,10,25,125,101,33,16,10
RG24,31256,1516,653,74,61,224,612,455,141,51,16
RG25,8705,223,32,4,7,17,37,14,7,1,4
RG26,22133,426,72,22,33,46,100,28,33,16,8
RG27,21026,680,121,41,22,62,95,41,27,17,17
RG28,5786,136,7,8,0,10,21,6,2,2,0
RG29,7143,189,24,8,4,20,51,25,27,4,2
RG30,44131,3418,1120,1752,211,190,1166,1805,1386,398,68
RG31,27276,728,497,188,43,111,211,204,294,77,29
RG4,39134,2034,889,496,62,276,441,301,295,77,84
RG40,26480,1050,356,78,56,141,185,111,45,13,28
RG41,28226,1017,840,215,14,186,284,151,76,16,63
RG42,26041,1375,582,131,32,117,219,269,118,46,38
RG45,14565,537,132,14,0,82,317,162,42,19,18
RG5,25235,698,682,640,31,155,279,195,126,31,52
RG6,37937,1736,2827,1970,131,735,826,714,388,99,290
RG7,31944,996,245,70,44,163,127,93,88,19,42
RG8,18932,704,124,40,7,70,76,53,51,20,16
RG9,23154,1458,118,64,34,87,162,54,67,21,16
RH1,46125,2479,976,698,249,384,1017,649,224,92,122
RH10,65219,3742,2552,1680,223,359,1457,704,220,224,192
RH11,55816,4007,3101,2879,222,198,1440,1512,275,622,237
RH12,43776,1628,357,83,100,196,503,150,57,17,44
RH13,38108,1207,256,67,42,139,292,201,64,29,14
RH14,14087,305,48,0,22,33,66,33,14,3,2
RH15,31545,935,387,39,186,160,242,108,53,19,11
RH16,33550,1453,605,32,101,141,535,179,55,39,32
RH17,19263,707,39,14,3,65,62,40,13,16,11
RH18,4453,473,9,2,14,15,28,6,4,0,1
RH19,33479,1604,276,46,77,99,362,115,53,18,27
RH2,26229,1095,241,99,40,120,271,123,50,21,36
RH20,24968,554,41,9,23,61,83,16,12,5,15
RH3,4366,104,17,8,0,0,9,1,9,1,2
RH4,15479,757,102,15,81,49,165,35,21,7,44
RH5,16545,602,40,14,11,83,93,47,23,7,21
RH6,29317,1199,264,154,113,202,297,208,86,38,42
RH7,9222,333,37,13,17,25,48,31,12,8,4
RH8,15546,495,57,3,17,42,117,30,26,10,11
RH9,5443,123,16,2,4,1,43,5,13,3,1
RM1,19610,938,473,223,97,218,302,596,276,80,34
RM10,38181,2770,677,398,846,245,756,7059,902,658,136
RM11,31777,708,1245,323,113,232,402,451,227,80,40
RM12,34240,849,664,96,146,238,312,888,317,86,22
RM13,28916,852,577,154,147,105,215,1711,471,205,52
RM14,27030,493,282,59,54,140,120,171,84,14,17
RM15,27446,775,113,28,46,167,197,1649,212,217,21
RM16,41136,1308,957,225,180,351,359,2720,454,310,91
RM17,27405,2304,755,138,302,120,750,1968,248,334,63
RM18,16664,526,89,17,54,33,82,1480,130,193,20
RM19,6527,637,67,43,9,54,78,1027,151,102,9
RM2,13184,379,449,92,33,92,100,179,145,24,22
RM20,4877,500,137,44,4,27,77,507,60,39,25
RM3,40387,1418,466,181,86,204,400,2079,495,252,46
RM4,4191,97,52,10,10,10,34,36,19,6,0
RM5,18344,463,259,124,92,70,142,551,281,61,18
RM6,32702,1724,3391,1954,1920,199,1491,2783,1854,537,128
RM7,28931,1213,648,274,249,182,719,1244,698,240,64
RM8,39073,2697,1400,1453,1156,216,1001,4784,1187,582,130
RM9,36203,2810,493,486,804,207,686,5830,714,598,149
S1,10651,612,445,230,101,1179,253,375,91,39,309
S10,47408,1590,1023,470,118,993,748,616,211,147,507
S11,34383,1050,574,775,131,468,293,524,327,133,288
S12,34342,295,70,99,32,114,127,173,159,47,82
S13,30670,279,80,284,149,92,90,355,254,71,90
S14,9665,130,15,88,11,54,103,429,133,94,105
S17,15586,258,119,164,21,50,27,32,61,28,43
S18,24729,226,86,4,13,26,33,23,20,3,12
S2,44529,1483,771,1649,262,853,642,1665,850,375,812
S20,31382,328,105,150,13,103,67,119,145,40,89
S21,21030,165,37,23,10,73,26,23,19,0,3
S25,21101,212,39,30,3,31,39,25,16,5,6
S26,25888,204,85,72,3,41,47,82,35,8,22
S3,19330,1088,545,1108,110,2322,810,1909,490,535,1551
S32,5697,63,12,2,0,3,15,3,0,0,1
S33,4961,59,6,2,0,4,10,2,1,0,3
S35,41401,246,143,95,7,86,75,95,89,52,67
S36,27347,232,33,14,16,28,59,69,28,11,18
S4,14465,669,233,3767,133,60,381,1199,564,336,1311
S40,35398,551,167,145,51,162,99,175,116,32,15
S41,36402,533,231,164,66,148,123,116,105,38,22
S42,28228,211,92,18,8,62,38,32,16,5,14
S43,40349,315,153,28,24,81,58,164,42,19,19
S44,21700,206,69,22,1,25,65,111,12,11,11
S45,13622,114,53,21,1,24,20,20,9,3,3
S5,59868,860,505,3337,109,195,699,1656,719,436,1318
S6,58252,1079,253,287,53,302,345,611,362,160,766
S60,37295,744,409,3328,39,145,378,461,92,43,167
S61,35820,563,64,1249,14,68,150,337,40,26,90
S62,19976,144,29,65,10,39,71,96,15,12,12
S63,38096,347,54,28,1,49,57,119,26,10,20
S64,30696,353,41,42,7,58,54,68,28,10,27
S65,35575,1029,166,2648,29,139,443,513,34,38,223
S66,46183,263,116,145,7,69,93,65,22,7,29
S7,17436,591,425,2763,167,178,352,273,248,46,136
S70,38839,1166,110,68,15,125,160,429,35,29,55
S71,44892,541,63,25,8,86,86,209,23,10,16
S72,25354,280,43,11,1,23,28,58,13,6,14
S73,27014,406,36,16,17,34,52,75,21,9,7
S74,17710,150,26,13,5,12,19,48,15,9,10
S75,43598,531,132,81,11,129,100,104,24,6,55
S8,46174,972,349,1258,200,193,221,550,429,152,193
S80,30032,1276,113,58,28,91,85,84,51,15,7
S81,37344,748,159,65,1,40,68,28,71,17,25
S9,28089,858,210,5461,1695,153,548,908,360,340,760
SE1,67037,10135,2267,445,1260,2846,2418,8231,2078,2022,758
SE10,23987,3109,666,153,108,739,805,1501,690,353,134
SE11,21974,3060,255,117,375,485,469,3277,1617,846,178
SE12,27143,2299,572,153,176,416,1136,2122,1917,737,107
SE13,42278,5138,1098,229,164,1267,1807,4056,4191,1679,238
SE14,24679,3143,271,94,159,1004,1092,4051,2288,1091,253
SE15,64359,5876,726,488,631,1233,1653,15102,7306,4124,480
SE16,44957,7386,1162,187,317,2309,1378,5287,1220,1198,441
SE17,33591,4094,325,124,863,975,907,7742,1857,1784,313
SE18,77384,5712,3581,1429,663,1395,6618,14044,3245,2464,374
SE19,27650,2901,737,271,229,274,701,2631,2636,1176,108
SE2,27104,1400,800,190,155,333,1225,6064,921,671,65
SE20,22881,2114,414,130,255,178,441,2438,2120,729,115
SE21,15259,1496,400,89,65,253,292,1062,842,427,68
SE22,29738,3035,510,181,163,341,532,2329,2100,930,125
SE23,33489,3489,491,192,145,447,1037,2812,3386,1294,119
SE24,18914,2191,294,66,57,128,261,1326,1568,776,75
SE25,34686,2259,970,584,173,339,1207,4505,5972,2359,181
SE26,28378,2624,553,182,85,351,841,2929,2917,1056,161
SE27,21836,2940,361,216,92,194,376,2299,2761,1206,105
SE28,29488,2472,520,241,198,616,811,10333,1114,964,139
SE3,31790,3211,784,184,139,550,794,1746,642,354,129
SE4,28723,3295,395,255,135,548,852,2941,3469,1317,172
SE5,46256,5218,646,186,578,922,1381,9363,4037,2463,340
SE6,53271,4380,746,369,256,654,2856,6531,8978,3184,218
SE7,21139,1936,710,223,169,566,1441,2416,673,409,53
SE8,27859,3529,578,149,212,1677,1651,5286,2173,1068,199
SE9,62852,4095,1098,209,230,882,1245,2786,1223,570,189
SG1,51250,1957,1360,396,392,474,1177,1326,425,158,88
SG10,2087,42,4,0,1,4,4,2,4,0,3
SG11,7969,170,29,6,15,33,20,15,9,3,10
SG12,30067,939,272,18,37,64,150,126,57,11,30
SG13,16643,604,135,33,34,46,89,80,40,8,20
SG14,18798,653,93,15,33,70,83,41,57,19,4
SG15,5584,147,86,1,2,12,59,19,13,0,6
SG16,6110,147,92,14,11,33,41,10,32,10,0
SG17,12203,241,77,17,3,38,95,24,52,14,6
SG18,24128,580,167,25,19,65,134,97,69,19,9
SG19,24097,533,118,11,14,101,83,81,60,20,10
SG2,42112,1109,466,127,153,263,484,802,304,100,54
SG3,7068,212,64,10,1,22,62,28,25,6,1
SG4,29212,951,835,123,169,137,343,150,286,81,56
SG5,31407,1129,745,113,223,224,343,164,458,79,39
SG6,33249,1183,1543,116,47,279,569,249,464,90,22
SG7,13276,396,162,22,15,32,133,30,40,13,3
SG8,38277,1180,139,47,48,119,218,151,107,27,33
SG9,9374,192,11,3,22,16,16,15,4,2,7
SK1,11550,165,36,89,18,42,62,45,20,12,9
SK10,39804,743,401,76,40,163,134,73,39,16,15
SK11,36547,690,299,64,13,102,218,55,51,31,14
SK12,19072,213,60,40,10,44,47,5,11,3,20
SK13,33090,351,70,44,0,80,76,34,50,6,14
SK14,46233,555,164,249,2998,123,85,158,77,41,23
SK15,27424,447,394,219,52,114,61,81,21,13,13
SK16,19645,292,202,195,58,76,53,75,24,20,14
SK17,32207,504,43,12,9,94,92,47,22,7,8
SK2,28909,440,191,207,48,173,123,84,44,15,52
SK22,12230,174,11,14,0,21,50,3,4,2,5
SK23,17125,209,21,7,1,31,27,6,6,3,4
SK3,28387,582,163,602,74,216,287,146,94,20,20
SK4,34804,746,559,1676,158,285,307,159,170,51,194
SK5,29154,429,74,249,37,163,122,176,127,42,25
SK6,50813,605,115,104,30,144,120,60,70,16,12
SK7,40454,649,544,398,51,277,284,83,68,27,70
SK8,58346,1159,1103,3338,289,417,570,209,148,54,344
SK9,38001,1146,555,391,67,205,310,125,81,39,128
SL0,11119,357,1257,171,21,33,259,53,52,16,50
SL1,70804,7375,9168,12821,266,378,3481,3639,1422,755,507
SL2,53290,4687,6083,9105,207,302,2302,2442,1073,479,204
SL3,45163,3198,8731,3462,141,327,2299,1651,739,276,265
SL4,43347,3008,1223,578,108,321,640,364,184,101,135
SL5,23870,1990,589,108,34,225,442,156,51,44,74
SL6,77837,5137,3496,3476,225,565,1125,516,243,61,198
SL7,20946,893,172,104,25,69,140,46,112,23,24
SL8,6448,257,42,41,7,30,59,18,12,3,3
SL9,20783,1317,1304,191,15,136,338,61,32,17,32
SM1,38062,3085,1312,545,310,560,1888,1190,473,160,199
SM2,27688,2245,1570,496,154,439,1186,712,296,132,216
SM3,21018,831,578,301,116,264,1403,283,195,78,74
SM4,36841,3417,1176,2090,477,402,3123,1201,715,236,218
SM5,38682,1805,803,397,186,347,1558,1313,569,177,146
SM6,36494,1574,1262,440,311,352,1861,1307,762,243,121
SM7,18263,556,312,124,47,102,206,108,61,26,32
SN1,29665,2567,3501,338,446,206,717,384,153,84,41
SN10,31544,719,84,20,28,130,93,41,59,13,7
SN11,22358,444,48,7,8,68,66,31,34,12,16
SN12,25211,461,48,4,53,57,88,42,97,18,0
SN13,16529,389,26,1,14,49,55,20,17,6,2
SN14,28083,621,143,7,50,70,294,133,104,51,11
SN15,35109,899,170,22,30,95,274,137,95,37,16
SN16,13831,308,40,2,20,36,33,23,3,8,3
SN2,41148,1634,986,172,116,108,436,306,138,52,31
SN25,35205,1302,476,155,42,197,384,287,137,59,47
SN26,1827,16,9,6,0,5,11,5,0,0,1
SN3,51117,1609,1110,352,229,174,1159,413,226,103,18
SN4,27628,492,135,20,33,105,145,62,40,15,11
SN5,33001,1368,708,240,94,196,488,294,134,29,37
SN6,21161,471,74,28,35,51,141,38,9,10,27
SN7,13484,359,45,20,9,28,115,69,19,10,11
SN8,24018,653,141,24,29,57,69,13,13,9,16
SN9,8130,171,7,5,9,9,31,0,7,0,5
SO14,27451,3777,2064,1533,562,509,1629,1140,263,156,468
SO15,42112,4577,1536,383,307,530,668,682,217,77,197
SO16,65918,3785,1759,462,313,963,1691,793,245,61,332
SO17,19322,1983,702,419,90,821,600,233,97,40,187
SO18,36990,1679,625,196,89,565,439,327,132,55,72
SO19,56342,1938,341,77,54,164,350,353,192,43,78
SO20,8081,228,17,1,1,18,18,13,2,7,2
SO21,19557,519,103,15,13,59,112,34,29,12,23
SO22,28611,945,234,29,96,227,373,83,59,15,43
SO23,22364,1106,138,11,64,351,275,82,36,11,20
SO24,11324,302,16,0,2,22,41,12,3,2,4
SO30,32278,620,340,50,70,171,139,61,35,5,31
SO31,44733,857,254,9,44,153,139,114,62,15,23
SO32,19752,308,56,14,28,23,64,20,4,14,4
SO40,41855,580,169,9,88,92,127,155,56,61,13
SO41,31388,897,71,5,17,59,100,23,15,15,9
SO42,5273,196,18,0,1,12,24,3,5,5,1
SO43,4391,161,6,0,27,7,8,10,2,4,5
SO45,34987,460,71,10,19,53,69,68,33,30,32
SO50,46390,1056,878,55,125,184,292,225,48,18,61
SO51,26578,554,120,31,39,83,154,56,23,15,14
SO52,7037,125,42,7,12,26,33,3,7,1,24
SO53,32459,858,844,67,74,261,250,123,14,12,143
SP1,21491,760,168,22,74,117,189,56,29,16,7
SP10,40652,1491,256,36,92,156,306,127,84,42,31
SP11,23446,540,41,0,20,25,96,56,49,29,7
SP2,29309,934,204,27,97,62,249,71,26,18,12
SP3,11303,204,13,0,0,15,26,3,6,8,4
SP4,31111,611,89,9,23,64,240,312,141,137,7
SP5,22361,393,9,8,14,22,59,15,14,2,10
SP6,14047,231,26,1,2,12,23,3,2,3,3
SP7,13556,361,28,6,7,62,74,34,20,9,5
SP8,14570,475,21,0,8,17,22,17,9,2,2
SP9,10678,240,47,11,16,14,184,208,143,150,2
SR1,5414,194,87,33,373,247,56,118,7,6,14
SR2,32933,502,371,180,502,362,220,282,16,14,94
SR3,39412,208,100,68,97,99,110,65,6,15,24
SR4,41580,377,607,231,924,283,663,271,27,27,57
SR5,34792,282,68,21,27,68,34,71,15,6,13
SR6,30086,238,167,61,82,300,88,79,6,4,73
SR7,31165,426,100,17,21,34,34,19,3,1,3
SR8,35444,258,62,44,14,45,42,16,6,3,7
SS0,41454,2243,782,476,398,214,605,1111,195,139,109
SS1,25953,1504,416,154,119,229,317,511,104,44,48
SS11,16738,176,74,8,18,48,88,98,38,19,6
SS12,18029,234,156,38,42,82,90,132,61,18,13
SS13,22124,426,130,76,27,64,102,641,153,70,11
SS14,24915,522,307,77,59,64,232,936,190,111,14
SS15,30263,594,508,57,101,96,317,726,238,75,29
SS16,29490,587,610,109,37,128,332,703,192,92,22
SS17,32823,361,106,37,87,77,107,386,77,49,25
SS2,36455,1236,263,277,249,247,277,661,112,140,57
SS3,28604,458,163,44,54,197,124,265,38,47,39
SS4,20993,177,62,4,34,61,85,62,26,46,18
SS5,21540,196,58,2,12,40,40,28,20,20,10
SS6,31792,342,136,30,31,103,116,122,42,25,10
SS7,49256,464,272,52,50,141,168,173,107,65,20
SS8,38170,318,101,15,37,79,91,154,96,66,11
SS9,50078,861,197,114,117,220,258,203,82,35,46
ST1,29860,1019,308,2510,237,297,666,570,210,58,152
ST10,25598,202,31,37,0,24,37,6,11,1,4
ST11,9995,69,46,7,1,4,10,8,8,5,2
ST12,3809,31,7,1,0,5,8,8,16,0,2
ST13,27981,394,64,24,1,38,75,26,16,1,4
ST14,20545,327,58,54,11,50,45,33,29,20,24
ST15,21412,240,79,33,27,40,75,20,17,10,22
ST16,30955,826,684,196,41,215,500,167,288,60,102
ST17,39718,717,472,86,54,187,230,133,195,45,94
ST18,16223,234,58,21,3,32,101,33,25,9,8
ST19,14751,75,117,2,1,12,17,12,31,3,6
ST2,34192,523,58,76,27,49,101,169,64,40,16
ST20,6711,40,14,1,0,8,4,2,2,2,1
ST21,5674,111,16,10,3,12,12,17,28,1,1
ST3,67670,758,246,2694,136,136,410,405,128,78,32
ST4,57197,1126,1476,1842,224,507,1319,774,213,79,124
ST5,82400,1429,869,448,146,913,873,479,187,68,127
ST6,64454,1281,247,3307,473,242,875,622,229,114,86
ST7,52883,393,79,58,14,100,90,40,56,15,13
ST8,20375,129,12,18,0,24,24,6,11,4,4
ST9,11665,80,15,6,0,19,18,7,12,2,2
SW10,18478,5249,308,116,134,290,830,562,212,139,579
SW11,71717,11842,1162,636,273,819,1653,4339,3619,1491,532
SW12,31586,3777,722,481,184,379,503,1163,1176,437,109
SW13,16190,2610,196,68,65,163,383,125,68,29,156
SW14,16830,2202,204,66,65,132,280,102,60,23,125
SW15,60456,11036,1287,1118,188,741,1995,2254,1272,644,688
SW16,80927,12875,4762,4080,686,870,2859,7257,8412,3391,478
SW17,64215,8224,4075,4003,698,854,3904,3369,3313,1614,491
SW18,58992,8730,1073,2254,195,642,1320,1894,1697,758,322
SW19,77676,14269,2855,2543,609,1173,3788,1754,1388,508,684
SW1A,246,89,7,4,0,0,14,4,0,0,12
SW1E,919,163,23,6,5,23,19,41,5,4,13
SW1H,734,213,20,7,0,36,65,24,11,0,11
SW1P,13508,3071,299,108,312,346,556,648,159,150,416
SW1V,22574,4635,342,170,650,398,786,915,325,218,753
SW1W,8557,2390,140,70,211,120,455,335,96,85,299
SW1X,6026,2344,130,53,10,127,270,71,24,28,314
SW1Y,550,175,34,11,4,17,14,2,3,1,15
SW2,54331,8048,573,435,388,540,818,6444,6056,2934,264
SW20,28275,4593,975,460,174,388,1478,402,288,90,189
SW3,22170,6715,298,79,85,351,933,384,157,67,619
SW4,39586,6569,487,171,291,431,629,3434,2618,1439,179
SW5,15493,5359,375,173,55,743,967,431,169,78,746
SW6,65149,13587,970,398,268,943,1945,2406,1563,916,1314
SW7,19852,7227,631,171,33,1310,997,235,96,70,915
SW8,36408,6853,505,228,266,818,1019,4670,2500,1546,466
SW9,43399,6665,372,219,322,725,732,7527,5381,2504,251
SY1,26536,846,68,17,15,93,108,30,22,9,8
SY10,14663,203,17,3,3,49,22,1,4,3,4
SY11,27014,745,61,9,60,92,79,42,8,13,13
SY12,8250,240,8,2,7,38,27,5,0,0,3
SY13,19549,496,22,14,14,13,36,19,3,0,6
SY14,5644,60,5,1,0,2,4,4,3,1,1
SY15,5199,52,2,0,1,4,9,0,5,0,2
SY16,16232,347,24,0,26,16,50,7,5,5,2
SY17,3553,31,0,0,0,2,2,0,1,0,0
SY18,4648,96,1,0,0,2,8,0,8,0,0
SY19,1169,14,1,0,0,0,0,0,3,0,0
SY2,17535,314,67,7,22,63,36,8,3,3,7
SY20,6921,101,7,1,2,7,7,4,7,0,1
SY21,16250,562,12,0,10,7,35,15,6,3,4
SY22,9534,114,11,1,4,12,11,2,2,0,0
SY23,30858,1342,260,61,39,247,153,114,34,8,128
SY24,4663,85,18,3,8,8,6,6,14,0,6
SY25,4343,68,2,1,0,2,3,3,2,0,10
SY3,33785,685,214,58,31,154,221,56,24,13,37
SY4,24540,447,47,10,3,65,38,45,24,6,4
SY5,21288,326,30,7,7,243,95,20,9,3,9
SY6,6554,94,2,1,0,14,11,4,1,1,3
SY7,11884,255,16,34,0,34,17,10,3,8,3
SY8,18633,352,18,6,0,45,20,13,0,8,1
SY9,2895,70,1,0,9,1,15,0,0,1,0
TA1,39473,1698,246,41,63,221,372,77,23,13,20
TA10,9270,180,2,2,3,13,18,5,4,3,0
TA11,9166,172,10,1,0,9,25,8,4,7,0
TA12,6353,76,6,1,5,3,15,7,1,1,2
TA13,3973,47,0,5,0,6,6,1,5,0,1
TA14,2986,29,1,0,0,2,1,2,2,0,0
TA15,831,15,0,0,0,1,1,2,0,0,0
TA16,1979,13,0,1,0,3,1,2,1,0,3
TA17,442,9,1,0,0,0,1,1,0,0,0
TA18,10039,140,6,0,14,19,28,7,7,0,1
TA19,11688,158,11,1,1,11,18,6,14,1,1
TA2,26524,956,47,11,19,137,147,62,16,12,34
TA20,20332,767,17,10,7,41,38,31,9,5,2
TA21,18155,350,10,1,17,69,106,22,16,2,5
TA22,2619,30,1,0,1,0,16,1,1,0,0
TA23,5681,53,9,0,0,5,8,1,0,0,0
TA24,18650,644,20,1,18,16,71,5,5,3,7
TA3,14412,186,12,6,4,13,23,13,3,3,0
TA4,18849,319,12,0,11,17,34,21,4,4,6
TA5,10155,171,2,2,5,6,2,1,0,0,1
TA6,46320,1872,81,14,62,70,129,39,18,3,15
TA7,14982,177,5,3,6,3,15,4,2,2,1
TA8,16938,279,21,10,30,22,53,15,18,1,5
TA9,12380,223,11,5,32,23,22,11,11,2,7
TD12,1163,10,0,0,0,0,0,0,0,0,0
TD15,17161,335,42,7,15,34,37,22,4,1,4
TF1,37144,1726,868,1884,86,188,310,269,231,55,13
TF10,18398,212,92,24,1,93,41,33,9,3,6
TF11,9907,142,25,4,3,22,15,0,14,1,0
TF12,5609,46,9,0,0,5,6,0,1,0,1
TF13,3696,46,4,0,0,0,3,0,2,0,0
TF2,38813,983,968,95,56,182,252,208,143,44,31
TF3,23954,663,671,99,0,99,99,389,94,34,19
TF4,18198,327,166,66,1,37,53,55,45,5,8
TF5,5346,75,79,25,6,13,23,11,23,2,2
TF6,4997,79,40,0,0,4,9,1,7,1,0
TF7,17631,315,187,50,12,30,70,56,50,3,7
TF8,2903,52,7,0,0,1,6,1,1,2,0
TF9,25465,466,76,27,15,42,80,32,26,35,10
TN1,11247,1108,215,45,63,59,299,85,17,6,15
TN10,16283,372,75,19,43,42,92,9,11,12,22
TN11,13872,414,49,7,0,36,70,15,12,4,5
TN12,29475,626,106,14,26,54,109,41,31,11,15
TN13,24993,1842,205,44,38,204,238,54,31,10,20
TN14,14970,485,36,13,28,61,82,22,8,6,9
TN15,24338,718,114,22,63,53,125,42,28,4,18
TN16,19293,489,64,23,26,42,67,59,61,10,12
TN17,14720,383,20,6,6,119,51,41,22,12,18
TN18,6612,211,5,3,0,13,17,7,5,2,1
TN19,5000,96,4,0,0,11,19,5,5,2,0
TN2,28428,1277,184,62,165,162,195,106,31,34,40
TN20,3718,109,8,2,0,28,8,10,2,0,0
TN21,15983,299,39,5,22,39,55,14,14,4,2
TN22,26183,731,101,5,49,62,82,36,15,3,7
TN23,39896,1622,274,58,100,142,1371,467,155,48,46
TN24,31619,1114,536,77,48,220,733,389,126,41,18
TN25,15556,364,93,21,16,39,70,38,18,7,5
TN26,11182,164,14,3,3,9,35,8,13,2,7
TN27,12404,242,24,4,8,10,19,19,11,5,5
TN28,8455,121,21,21,18,10,24,3,12,2,2
TN29,13757,164,10,2,9,11,37,5,5,8,0
TN3,11722,397,35,8,11,33,37,19,6,1,6
TN30,9307,233,19,1,14,11,26,19,4,2,4
TN31,13542,245,21,8,11,29,33,3,9,3,9
TN32,5238,221,14,0,8,14,29,4,2,3,2
TN33,12745,264,34,2,0,29,57,29,18,5,2
TN34,29691,1131,100,13,86,112,236,153,97,30,59
TN35,17207,389,30,3,7,25,82,82,41,14,16
TN36,2303,45,6,0,0,6,7,0,1,2,0
TN37,20561,898,191,28,85,127,314,183,91,47,49
TN38,29035,895,171,34,98,114,314,235,82,35,41
TN39,25768,443,68,3,48,57,151,47,16,9,28
TN4,32239,1389,256,51,259,150,294,138,46,18,35
TN40,17422,374,126,3,37,49,156,78,17,20,26
TN5,8756,256,19,1,7,22,28,5,2,3,8
TN6,24430,834,71,13,45,76,132,57,14,6,25
TN7,2151,131,5,0,0,6,4,1,2,0,4
TN8,12680,370,52,7,8,16,40,12,22,2,4
TN9,18035,714,186,43,81,208,262,48,14,8,15
TQ1,31701,987,85,8,23,55,220,55,26,8,22
TQ10,4029,88,4,1,0,1,8,4,1,0,1
TQ11,4133,114,2,0,6,7,12,0,1,0,0
TQ12,52994,845,67,13,35,164,110,20,27,12,10
TQ13,23134,448,21,3,7,37,49,9,1,2,4
TQ14,19461,330,25,1,20,91,51,9,15,2,4
TQ2,33544,963,216,48,38,96,147,38,18,17,41
TQ3,30368,403,60,1,17,47,75,20,17,8,23
TQ4,18647,282,19,13,21,50,46,26,6,2,8
TQ5,19304,246,25,9,0,13,26,5,6,3,6
TQ6,8267,205,19,1,1,11,15,15,4,0,40
TQ7,16492,304,22,0,37,20,29,6,6,1,6
TQ8,2071,55,0,0,0,1,2,0,0,0,0
TQ9,17259,514,20,6,1,29,39,26,9,2,6
TR1,20534,487,180,14,48,100,85,14,10,3,45
TR10,11258,274,21,10,15,31,25,46,7,0,5
TR11,28826,741,55,4,6,107,92,22,31,6,22
TR12,9584,141,3,1,0,7,12,4,21,4,0
TR13,19823,315,17,4,4,21,26,2,35,3,6
TR14,24632,620,59,3,23,65,27,13,6,6,8
TR15,20094,579,51,7,16,42,22,17,14,3,18
TR16,14160,230,11,1,2,25,15,7,5,2,4
TR17,1447,28,2,0,0,2,3,0,0,1,0
TR18,19872,484,29,1,5,74,56,8,16,5,2
TR19,9033,157,12,0,0,11,18,2,1,0,3
TR2,9465,199,4,3,2,0,21,8,2,1,3
TR20,9293,194,4,0,1,16,6,5,1,0,0
TR21,1723,56,0,0,0,0,2,1,0,0,0
TR22,169,0,0,0,0,0,0,0,1,0,0
TR24,175,22,0,0,0,0,0,0,0,0,0
TR25,136,2,0,0,0,0,0,0,0,0,0
TR26,11642,252,18,1,0,41,22,8,5,0,3
TR27,14766,279,22,0,23,37,23,3,2,3,3
TR3,12399,186,49,13,1,11,30,18,13,2,2
TR4,11047,167,36,12,0,9,19,2,6,0,5
TR5,3884,60,6,1,0,8,4,1,0,1,1
TR6,3516,56,10,0,0,11,3,3,0,0,0
TR7,20189,619,38,3,15,54,67,10,24,10,18
TR8,7973,140,10,0,0,5,10,2,3,1,0
TR9,8224,95,7,0,0,17,7,1,8,2,1
TS1,17202,974,399,2575,83,458,584,710,39,66,502
TS10,37073,210,27,38,19,48,83,30,10,2,6
TS11,11945,59,5,1,5,17,13,3,1,0,2
TS12,22514,154,7,29,7,30,33,6,5,0,6
TS13,10369,45,4,4,0,8,3,4,0,0,1
TS14,17627,116,18,26,13,27,36,10,8,1,5
TS15,12802,166,130,73,9,17,75,23,5,5,15
TS16,10449,127,62,91,6,34,49,17,10,3,11
TS17,45119,423,725,983,34,376,259,225,19,25,78
TS18,24877,339,189,1419,56,229,292,392,32,49,70
TS19,37115,269,144,298,18,75,271,129,6,15,21
TS2,773,43,0,2,0,0,1,4,0,1,1
TS20,20737,138,55,85,7,71,68,109,2,8,11
TS21,12670,114,40,18,1,17,13,6,2,1,13
TS22,8506,46,141,56,1,31,17,18,3,0,9
TS23,30225,133,41,62,0,27,44,26,7,7,16
TS24,21840,217,53,57,47,49,83,34,18,2,14
TS25,38827,232,42,25,17,39,102,13,5,2,18
TS26,25450,260,140,192,150,119,102,75,9,1,24
TS27,12327,57,32,5,1,21,24,3,4,2,1
TS28,5277,34,17,0,0,9,12,4,0,0,1
TS29,6266,26,4,1,1,9,3,1,2,1,0
TS3,29653,252,76,146,18,72,93,266,11,31,24
TS4,17229,295,403,1036,29,151,208,213,12,19,120
TS5,39717,553,408,2807,84,156,321,175,16,40,260
TS6,30350,164,21,187,49,22,49,23,7,4,10
TS7,21787,118,140,212,30,37,103,38,15,7,47
TS8,21011,144,61,47,1,33,41,72,2,7,6
TS9,12737,159,24,7,8,20,12,5,4,6,10
TW1,25392,3312,540,102,64,216,400,148,89,30,86
TW10,19152,3411,407,62,61,245,516,191,53,34,173
TW11,23410,1896,434,56,56,174,320,115,86,35,71
TW12,23010,1715,623,143,79,172,618,198,117,48,98
TW13,36258,3397,2784,1142,334,258,2194,1800,546,319,359
TW14,28023,2709,3030,1190,234,188,2123,1284,339,260,259
TW15,27462,1221,1074,204,110,181,431,299,135,59,71
TW16,20143,849,645,110,69,147,403,225,107,27,84
TW17,14242,462,196,29,15,57,123,42,17,10,33
TW18,26173,1597,1290,138,52,232,363,173,79,27,124
TW19,16019,776,1429,258,43,77,570,259,99,43,51
TW2,30645,2574,1414,301,189,260,870,253,159,45,195
TW20,24845,2279,842,154,93,786,549,203,67,33,220
TW3,40168,4704,13826,2826,568,383,4315,1334,428,348,590
TW4,27229,2491,8238,2669,338,149,3677,1408,321,367,371
TW5,29463,2294,11013,3218,310,173,3594,1223,311,386,387
TW7,37540,4537,5485,1553,271,475,2427,1676,496,355,722
TW8,19667,3085,857,395,158,315,1001,1129,467,276,366
TW9,21631,3467,589,87,119,313,592,216,82,34,158
UB1,40374,1648,16191,4488,419,119,6447,2148,1292,815,396
UB10,33494,1459,3787,645,196,392,1353,651,396,339,344
UB2,32239,1257,13021,3058,196,57,4256,2340,899,874,258
UB3,48133,3353,11043,3409,572,195,5216,3836,1009,1472,595
UB4,39616,1980,7749,1889,380,206,4829,2615,1225,1033,455
UB5,45955,5206,4234,1722,280,426,5800,3727,2989,1245,1186
UB6,51364,10081,7962,2552,357,611,5744,1825,2619,796,2017
UB7,29652,2362,2735,1018,367,261,1419,1454,445,460,421
UB8,36604,2417,3326,1067,870,894,1922,1680,614,462,637
UB9,14538,681,715,64,57,77,243,147,87,42,66
W10,34202,5363,339,171,1037,244,1585,2834,2203,1062,2026
W11,31499,7126,332,114,248,402,1321,1939,1322,552,1251
W12,48949,8036,958,572,462,684,2303,4326,3039,1633,1780
W13,32411,5901,2009,639,117,444,1599,1127,869,417,624
W14,37480,9120,885,346,164,951,1952,1553,923,525,1717
W1B,508,177,46,2,7,9,33,5,1,4,9
W1D,1544,419,29,7,28,253,63,28,10,2,16
W1F,1510,408,7,6,42,123,44,38,13,10,59
W1G,2931,984,74,14,8,60,63,32,12,7,71
W1H,6289,1808,250,94,53,168,269,160,36,28,615
W1J,1528,466,90,12,11,41,61,29,8,8,137
W1K,3015,813,169,25,26,66,168,86,11,32,229
W1S,151,68,9,2,1,3,7,2,0,1,1
W1T,4060,863,277,38,117,334,224,152,52,70,75
W1U,5651,1907,262,40,46,159,196,97,19,18,366
W1W,4434,1216,183,35,129,202,220,164,70,53,172
W2,48372,13624,1481,601,1054,1436,2379,1870,607,525,4491
W3,52419,10614,2176,1182,255,1059,4167,3776,2064,1217,3157
W4,44018,7708,1333,363,87,552,1260,933,676,330,581
W5,49943,10065,3247,774,103,1036,2660,1197,871,475,1407
W6,35728,6710,806,346,194,742,1450,1790,1297,663,933
W7,28959,5037,1525,772,61,293,1646,1513,1270,597,570
W8,20536,7167,404,141,32,686,1011,216,103,55,762
W9,37569,8145,989,296,1101,603,1440,1832,1656,750,2987
WA1,21533,653,133,123,26,103,116,42,17,10,30
WA10,38648,378,115,21,28,89,79,34,11,12,20
WA11,40516,265,76,5,2,65,117,22,13,5,31
WA12,22033,219,58,10,54,99,54,26,13,5,9
WA13,12830,234,72,54,5,36,19,16,11,3,11
WA14,27690,1133,576,416,36,364,152,82,99,29,98
WA15,42664,1197,797,941,48,392,290,132,129,34,187
WA16,23544,489,151,45,16,50,83,26,27,10,23
WA2,40792,1264,185,139,21,125,120,73,46,18,60
WA3,47757,581,194,128,44,170,122,114,75,29,26
WA4,46673,861,340,152,26,192,167,61,21,25,43
WA5,58500,1229,938,640,46,313,432,136,55,17,70
WA6,18925,223,37,11,16,50,59,7,12,6,11
WA7,63271,626,128,13,31,164,123,47,61,27,33
WA8,61934,490,157,27,29,139,128,50,74,3,22
WA9,48870,565,144,61,25,197,138,59,11,13,36
WC1A,545,81,20,0,76,32,43,16,3,2,5
WC1B,1667,375,76,11,54,107,77,35,24,37,13
WC1E,2282,387,104,17,183,203,162,95,17,48,40
WC1H,8328,1455,283,112,923,799,403,418,88,107,163
WC1N,7295,1342,211,46,738,395,344,327,121,173,74
WC1R,630,123,17,3,2,73,23,40,1,8,10
WC1V,960,129,70,18,40,132,39,20,8,4,9
WC1X,7953,1241,225,88,576,367,329,559,246,237,98
WC2B,1907,357,44,3,42,97,87,90,32,23,46
WC2E,905,233,13,2,7,44,32,18,12,3,13
WC2H,2491,562,58,6,149,243,96,72,21,29,83
WC2N,1032,267,55,9,11,115,32,28,2,5,11
WD17,15787,1279,1287,506,62,197,703,423,155,68,42
WD18,24334,2651,1738,3371,173,241,1594,1257,492,135,108
WD19,27375,1657,1292,350,58,169,527,446,345,94,63
WD23,25640,1460,1308,189,46,255,621,365,161,50,51
WD24,21615,1485,1056,1571,62,184,943,615,369,159,72
WD25,27808,1436,936,417,51,205,722,926,551,148,72
WD3,40666,1658,1956,274,100,271,537,204,142,48,39
WD4,11252,417,187,14,9,35,50,62,48,1,4
WD5,11497,307,206,42,7,45,79,119,66,20,17
WD6,37545,3022,1370,157,79,392,879,2056,235,246,111
WD7,12469,900,359,24,11,121,178,127,30,30,14
WF1,33897,2376,471,2946,12,155,383,604,81,49,173
WF10,45457,609,111,82,1,118,58,187,21,23,24
WF11,16984,222,32,47,1,22,33,37,14,13,5
WF12,33976,364,4632,4260,190,40,244,72,37,13,66
WF13,27462,746,1950,10326,65,43,447,120,50,8,36
WF14,19563,165,109,141,3,20,37,26,43,12,13
WF15,17697,212,116,385,0,35,33,27,31,10,5
WF16,12623,148,160,3233,8,31,63,30,22,7,7
WF17,43719,682,9607,5519,49,65,301,83,63,13,62
WF2,51023,1505,339,1378,4,161,300,640,70,76,87
WF3,32594,364,228,150,4,108,101,99,41,42,26
WF4,43308,396,146,93,2,63,89,100,40,31,23
WF5,21231,226,70,40,1,33,36,37,30,12,17
WF6,21317,521,74,70,0,103,52,74,8,6,9
WF7,20185,182,60,39,0,74,42,39,11,2,8
WF8,32376,479,123,101,9,56,138,155,18,7,20
WF9,39245,839,56,54,2,45,38,74,28,18,13
WN1,20039,539,159,47,10,59,110,128,11,11,31
WN2,52772,584,90,95,4,100,135,224,25,20,44
WN3,29926,331,73,26,15,76,87,87,16,4,31
WN4,28762,200,36,17,0,43,25,13,16,10,6
WN5,43781,502,100,64,10,103,77,137,21,24,29
WN6,39852,461,153,112,22,80,78,111,23,13,38
WN7,47382,899,211,203,33,182,170,296,35,30,82
WN8,45969,1473,167,44,4,50,71,38,18,4,18
WR1,8955,688,62,139,115,79,77,53,32,12,4
WR10,17726,329,28,0,6,15,24,7,10,2,4
WR11,41614,2235,175,56,69,80,127,33,47,7,26
WR12,5436,124,20,1,0,3,16,1,4,0,2
WR13,8195,146,32,2,0,2,28,2,6,1,0
WR14,34207,803,179,21,20,267,156,68,24,9,9
WR15,7098,127,11,0,0,43,23,10,3,7,0
WR2,29899,732,96,88,14,83,105,33,38,6,20
WR3,20472,444,83,164,67,39,72,25,26,6,6
WR4,26036,872,241,354,45,111,183,58,45,18,16
WR5,31154,1015,393,1200,212,100,391,68,54,19,21
WR6,12091,165,22,4,1,10,16,6,4,2,0
WR7,4984,50,7,0,0,1,3,8,2,0,1
WR8,8519,120,15,2,5,6,16,0,4,0,1
WR9,31028,699,175,16,15,67,103,35,47,7,7
WS1,27271,914,3340,5687,2891,182,1013,537,568,245,69
WS10,46711,745,3073,1076,1824,122,373,328,703,183,30
WS11,42593,426,212,46,26,124,84,70,68,16,4
WS12,35408,258,150,51,16,54,65,24,56,9,4
WS13,26628,691,161,42,26,54,77,24,66,24,6
WS14,17105,326,157,56,56,58,63,58,79,22,4
WS15,36552,324,119,28,7,74,69,25,75,20,2
WS2,38754,937,2806,5637,818,191,872,641,741,345,52
WS3,50097,476,322,285,75,103,192,243,299,86,16
WS4,16805,196,705,421,35,82,185,72,237,69,10
WS5,21467,303,4207,1046,543,124,809,170,391,100,30
WS6,18183,82,120,13,0,24,36,14,24,3,5
WS7,29867,205,84,12,7,50,40,8,56,11,0
WS8,15586,155,175,42,19,41,36,27,92,33,13
WS9,26660,196,525,59,55,61,138,45,111,48,7
WV1,16539,1000,1722,484,45,239,578,587,803,297,50
WV10,56394,1701,3278,371,91,219,914,1552,2801,1163,70
WV11,34571,418,2085,94,14,104,592,185,534,215,16
WV12,25649,115,1122,140,44,63,235,60,239,73,4
WV13,20638,175,2550,143,77,74,430,97,399,99,7
WV14,47169,695,4324,218,15,123,545,448,1037,433,14
WV15,7939,81,16,0,10,13,12,10,1,0,1
WV16,17290,196,40,2,2,34,18,2,11,2,2
WV2,14720,590,4173,238,27,133,857,368,997,372,48
WV3,28971,895,4517,938,77,192,874,389,930,369,41
WV4,35122,467,7543,290,51,187,1001,200,948,326,30
WV5,15883,104,106,1,0,24,35,12,21,1,8
WV6,44995,1398,4296,1868,95,204,1221,444,1326,491,96
WV7,7166,95,35,0,7,9,26,5,11,6,66
WV8,15580,190,353,60,21,47,76,77,253,42,17
WV9,7231,115,329,20,13,48,32,39,159,43,1
YO1,4514,393,90,13,4,135,88,36,6,3,36
YO10,30493,1875,386,200,108,1251,856,277,59,30,220
YO11,22899,764,83,58,24,111,108,102,13,6,56
YO12,40844,882,257,55,70,103,256,54,29,4,39
YO13,10111,135,23,1,3,18,14,8,3,1,11
YO14,11256,84,7,0,0,18,14,1,2,0,3
YO15,13739,204,20,7,1,28,33,17,7,5,2
YO16,25475,234,52,2,1,35,47,16,10,1,8
YO17,21214,357,18,3,5,41,81,44,5,2,7
YO18,10760,108,5,1,0,19,9,1,2,0,1
YO19,12914,203,39,4,7,25,57,12,9,2,11
YO21,14132,191,7,38,8,10,21,3,4,1,3
YO22,8728,82,5,15,5,30,9,8,0,1,11
YO23,19324,616,78,29,8,95,89,79,28,7,19
YO24,29656,738,84,16,22,237,170,113,29,8,20
YO25,33310,328,29,0,3,39,40,11,9,1,17
YO26,30202,752,103,17,16,265,107,75,18,10,23
YO30,26611,892,318,51,55,236,188,144,11,7,46
YO31,30239,1227,381,69,116,289,353,146,33,22,123
YO32,28270,353,66,20,34,98,113,60,21,3,4
YO41,10837,146,24,37,6,10,34,18,43,12,12
YO42,14559,278,26,0,14,50,13,11,3,5,6
YO43,12288,158,20,1,2,14,11,19,5,0,3
YO51,5533,154,6,1,0,10,15,3,4,4,0
YO60,4741,41,3,1,0,4,10,3,0,0,1
YO61,14004,176,17,2,2,16,22,7,3,0,7
YO62,12060,377,9,0,1,18,33,18,1,3,1
YO7,19997,447,39,35,5,32,34,30,18,19,7
YO8,43729,1418,104,5,1,104,58,22,12,5,3
CF10,14616,1006,599,130,168,498,318,734,143,431,1187
CF11,36058,2174,1931,2310,1803,508,827,1418,278,580,875
CF14,77856,1852,1430,637,477,570,782,437,145,67,547
CF15,17823,292,156,52,9,135,61,27,19,11,53
CF23,47027,1380,1104,1315,550,529,677,363,154,48,698
CF24,55860,3450,1602,1441,1054,1348,1207,1210,205,260,812
CF3,42223,826,403,176,101,206,380,556,125,115,301
CF31,44883,1144,183,53,57,193,443,70,35,12,60
CF32,29905,231,41,13,15,53,61,36,29,13,6
CF33,14464,132,18,25,12,26,23,9,20,3,0
CF34,20612,114,27,2,22,29,31,8,15,2,1
CF35,16152,145,36,17,8,34,43,20,18,10,8
CF36,16005,164,39,12,2,20,24,10,7,3,3
CF37,38323,589,238,94,46,388,205,544,25,21,65
CF38,23277,157,76,21,6,81,95,37,3,9,15
CF39,28926,124,61,14,6,104,114,73,4,6,5
CF40,20588,96,23,9,12,80,99,122,8,5,8
CF41,10755,46,17,8,10,22,35,23,2,1,5
CF42,13421,63,15,11,11,17,27,3,3,4,2
CF43,11884,57,11,7,2,28,20,58,2,2,10
CF44,39211,276,81,47,10,146,170,124,13,5,25
CF45,19553,176,26,36,0,56,42,86,18,3,10
CF46,14280,86,29,13,2,26,40,7,5,4,9
CF47,21886,856,69,14,29,38,195,61,5,5,13
CF48,27283,663,75,24,15,63,90,56,4,6,11
CF5,66024,1450,713,313,682,417,426,501,258,163,256
CF61,9983,247,42,4,5,42,36,38,6,4,9
CF62,41446,452,97,73,15,88,117,42,114,37,76
CF63,21924,297,110,67,51,123,146,34,55,17,13
CF64,36574,717,267,66,45,179,292,47,70,8,60
CF71,9049,140,24,1,2,5,7,2,3,4,9
CF72,25557,269,97,19,3,134,115,54,17,10,11
CF81,16431,115,27,9,0,39,35,15,2,0,13
CF82,20233,196,35,9,9,51,37,2,16,1,5
CF83,55242,580,170,50,2,195,139,64,32,2,21
LD1,11341,193,17,0,7,11,34,2,5,1,5
LD2,5688,73,0,0,0,5,20,4,3,1,0
LD3,19241,421,21,1,11,69,404,4,13,4,4
LD4,769,9,0,0,4,0,2,0,1,0,0
LD5,1106,15,3,0,0,0,1,0,1,0,0
LD6,2681,37,0,0,0,8,5,0,4,0,0
LD7,4812,60,1,1,0,3,8,1,1,0,2
LD8,4154,73,1,0,0,7,6,4,0,2,1
LL11,38337,891,256,32,35,146,148,126,20,20,20
LL12,28326,514,66,43,18,48,70,43,5,1,21
LL13,34865,2526,486,86,100,183,341,243,11,15,35
LL14,33424,619,54,20,48,53,90,114,22,5,18
LL15,10832,146,23,11,1,97,32,3,4,2,6
LL16,15848,197,24,4,2,59,105,24,6,4,3
LL17,5276,30,19,6,0,5,24,5,0,0,3
LL18,40552,455,131,135,66,141,375,57,22,7,29
LL19,19924,185,42,20,66,52,45,24,7,5,3
LL20,8317,122,0,0,8,13,16,1,3,1,2
LL21,6066,80,7,2,1,1,4,3,3,3,0
LL22,17700,135,50,11,9,57,51,9,10,2,13
LL23,4362,40,2,1,1,2,6,1,1,0,1
LL24,1939,33,2,0,0,3,5,0,0,1,0
LL25,474,7,1,0,0,0,0,0,0,0,0
LL26,4577,69,1,1,0,7,3,0,2,0,0
LL27,783,8,0,0,2,1,1,0,1,0,0
LL28,14157,193,38,5,7,37,38,17,6,10,43
LL29,20327,318,109,29,43,104,82,26,15,1,59
LL30,21886,629,66,20,41,100,82,30,7,9,67
LL31,9473,115,24,5,6,33,23,12,1,4,7
LL32,6518,66,5,8,1,4,9,5,1,1,7
LL33,3877,53,8,0,0,7,7,2,1,0,1
LL34,4353,50,4,0,0,1,8,2,3,3,0
LL35,878,5,0,0,0,2,2,0,1,0,0
LL36,4675,29,21,8,1,7,9,0,1,1,0
LL37,526,7,1,0,6,0,1,0,3,0,0
LL38,721,1,2,0,0,0,0,1,8,0,0
LL39,310,3,0,0,0,0,1,0,4,0,0
LL40,4132,36,3,2,14,4,6,2,2,0,8
LL41,6479,58,2,2,2,11,7,4,5,2,24
LL42,2522,26,9,3,2,4,3,5,1,0,13
LL43,467,3,0,0,0,0,0,0,0,0,0
LL44,1073,3,0,0,0,1,1,0,0,0,0
LL45,645,3,0,0,0,0,1,0,2,0,1
LL46,1900,22,1,0,2,11,5,1,3,0,0
LL47,550,6,0,0,0,0,4,0,0,0,0
LL48,2587,23,5,1,0,1,0,5,2,0,0
LL49,4651,64,18,1,1,10,11,2,0,0,8
LL51,630,7,1,0,0,0,1,0,0,0,0
LL52,2652,51,3,3,3,5,3,2,1,0,1
LL53,17223,319,9,10,5,8,26,2,12,1,47
LL54,11242,91,12,3,1,10,34,7,2,1,16
LL55,21693,253,40,33,25,23,30,15,0,5,38
LL56,2284,47,20,7,1,15,1,5,0,0,86
LL57,27683,655,311,145,112,790,251,141,22,14,457
LL58,3858,61,1,0,1,4,6,1,8,0,5
LL59,5630,122,30,19,21,59,33,9,1,0,54
LL60,3149,21,9,1,0,4,4,5,0,0,4
LL61,6051,67,43,8,3,27,20,8,0,0,21
LL62,1704,16,1,0,0,0,2,0,0,0,0
LL63,1370,5,1,0,0,0,4,0,0,1,0
LL64,1008,15,1,0,0,1,0,2,0,0,1
LL65,23674,154,32,3,24,33,23,12,9,5,38
LL67,1357,12,0,0,0,0,3,0,0,0,0
LL68,6385,36,2,1,4,5,11,8,3,0,1
LL69,595,3,0,0,0,0,1,0,0,0,0
LL70,354,3,0,0,0,0,0,0,0,0,1
LL71,1726,4,2,0,0,0,2,1,0,0,1
LL72,710,5,0,0,0,0,0,1,1,0,0
LL73,254,0,0,0,0,0,0,0,0,0,1
LL74,2236,17,0,0,0,0,1,0,1,0,0
LL75,1491,14,0,1,0,3,0,1,0,0,2
LL76,324,1,0,0,0,0,1,0,1,0,1
LL77,7366,71,13,0,0,17,6,2,1,0,3
LL78,509,3,0,0,0,0,0,0,0,0,1
NP10,23201,461,226,162,22,84,129,127,88,18,71
NP11,37796,283,24,31,9,78,61,20,27,4,9
NP12,33524,257,40,12,9,96,78,13,14,2,16
NP13,19827,177,31,13,0,31,24,6,12,3,4
NP15,7866,115,22,4,0,6,12,10,10,6,0
NP16,23955,532,62,11,9,42,58,42,22,17,13
NP18,17277,236,95,94,31,79,60,54,44,10,27
NP19,51623,1332,341,1652,870,214,396,538,278,95,187
NP20,50789,1338,539,1213,823,207,688,766,372,127,624
NP22,22024,188,60,4,6,35,36,5,20,0,3
NP23,33505,266,125,26,22,73,35,44,15,3,6
NP24,4966,35,8,1,0,11,8,1,3,0,0
NP25,15164,240,42,5,28,80,64,16,1,2,5
NP26,22521,215,57,10,1,50,42,6,13,0,7
NP4,45537,250,72,20,9,96,68,10,25,11,7
NP44,47175,333,104,43,69,113,385,36,63,25,7
NP7,26071,364,82,29,2,22,214,39,16,6,48
NP8,5547,100,1,0,1,12,111,2,1,1,1
SA1,47081,1654,392,136,1360,1032,502,819,65,40,777
SA10,29827,219,42,20,43,40,43,22,16,1,17
SA11,36588,254,66,20,88,89,92,22,39,11,18
SA12,32658,266,70,46,20,51,157,38,58,6,12
SA13,19663,136,71,26,137,62,45,9,37,4,3
SA14,33963,539,149,50,29,71,146,21,31,16,45
SA15,36736,1424,105,51,28,81,213,14,15,3,22
SA16,8547,72,7,7,6,6,12,0,6,0,0
SA17,9407,89,6,0,2,9,11,4,1,5,6
SA18,29687,213,51,10,20,31,91,13,41,6,6
SA19,9394,130,3,3,13,7,11,3,14,9,2
SA2,38386,914,369,182,325,567,346,288,23,9,517
SA20,3574,80,14,6,2,21,4,2,5,0,0
SA3,26235,435,94,19,52,50,75,26,15,3,126
SA31,16923,556,156,26,19,39,159,44,12,3,29
SA32,7758,96,29,11,0,2,15,3,2,0,7
SA33,12346,92,20,1,1,3,17,2,3,2,5
SA34,5398,64,8,0,0,9,7,0,0,3,0
SA35,715,7,0,0,1,1,1,0,3,0,1
SA36,395,4,0,0,0,0,0,0,0,0,0
SA37,1287,21,0,0,0,0,1,0,1,0,1
SA38,4761,72,3,1,0,5,6,2,4,1,4
SA39,2321,48,10,0,0,0,3,0,0,0,2
SA4,44356,399,101,61,30,101,90,41,21,16,42
SA40,3580,204,13,3,0,14,5,1,1,1,6
SA41,1882,18,0,0,0,0,0,1,0,0,0
SA42,2306,43,4,1,0,2,5,0,0,0,0
SA43,12535,149,39,8,11,17,36,10,18,3,1
SA44,11490,114,4,1,1,2,18,10,2,2,4
SA45,1730,26,1,1,12,2,2,0,0,0,1
SA46,2732,56,1,1,6,2,1,2,3,0,2
SA47,1250,15,1,0,0,0,0,0,0,0,2
SA48,8951,303,37,2,14,39,35,21,4,3,39
SA5,36460,678,130,82,120,166,264,300,22,7,149
SA6,34182,529,294,75,37,90,404,177,19,16,71
SA61,14262,232,147,40,35,49,170,40,3,20,37
SA62,21332,234,38,8,5,32,52,16,4,4,4
SA63,1112,12,1,0,0,0,2,0,0,0,0
SA64,2462,57,3,1,0,1,6,0,0,0,1
SA65,4379,39,7,0,1,8,4,0,1,4,0
SA66,3021,42,4,0,2,1,8,1,0,1,0
SA67,6930,87,13,2,1,9,16,4,6,0,2
SA68,4305,37,6,0,2,17,21,0,3,0,0
SA69,3534,68,12,2,0,5,30,8,1,2,2
SA7,15118,267,101,36,26,53,65,60,7,15,12
SA70,9731,170,32,5,7,18,57,2,6,0,2
SA71,10272,147,12,0,4,13,24,1,3,1,2
SA72,10581,195,27,7,6,17,26,8,7,3,2
SA73,20354,287,25,3,39,31,38,13,5,5,7
SA8,12556,95,23,6,12,20,24,2,1,3,3
SA9,15179,118,46,5,3,20,25,4,16,1,3
