,Postcode,Year,Count
0,N1,2014,41.0
1,N1,2015,44.0
2,N1,2016,36.0
3,N1,2017,23.0
4,N1,2018,24.0
5,N1,2019,28.0
6,N1,2020,14.0
7,N1,2021,9.0
8,N2,2014,6.0
9,N2,2015,7.0
10,N2,2016,7.0
11,N2,2017,5.0
12,N2,2018,6.0
13,N2,2019,5.0
14,N2,2020,0.0
15,N2,2021,1.0
16,N3,2014,4.0
17,N3,2015,9.0
18,N3,2016,14.0
19,N3,2017,8.0
20,N3,2018,13.0
21,N3,2019,14.0
22,N3,2020,6.0
23,N3,2021,6.0
24,N4,2014,32.0
25,N4,2015,36.0
26,N4,2016,48.0
27,N4,2017,38.0
28,N4,2018,22.0
29,N4,2019,45.0
30,N4,2020,9.0
31,N4,2021,2.0
32,N5,2014,5.0
33,N5,2015,3.0
34,N5,2016,2.0
35,N5,2017,2.0
36,N5,2018,2.0
37,N5,2019,3.0
38,N5,2020,2.0
39,N5,2021,1.0
40,N6,2014,0.0
41,N6,2015,3.0
42,N6,2016,4.0
43,N6,2017,3.0
44,N6,2018,2.0
45,N6,2019,0.0
46,N6,2020,1.0
47,N6,2021,0.0
48,N7,2014,11.0
49,N7,2015,34.0
50,N7,2016,23.0
51,N7,2017,21.0
52,N7,2018,11.0
53,N7,2019,26.0
54,N7,2020,11.0
55,N7,2021,5.0
56,N8,2014,7.0
57,N8,2015,17.0
58,N8,2016,21.0
59,N8,2017,28.0
60,N8,2018,14.0
61,N8,2019,24.0
62,N8,2020,3.0
63,N8,2021,6.0
64,N9,2014,30.0
65,N9,2015,32.0
66,N9,2016,53.0
67,N9,2017,67.0
68,N9,2018,29.0
69,N9,2019,23.0
70,N9,2020,7.0
71,N9,2021,12.0
72,N10,2014,2.0
73,N10,2015,3.0
74,N10,2016,6.0
75,N10,2017,2.0
76,N10,2018,5.0
77,N10,2019,15.0
78,N10,2020,1.0
79,N10,2021,2.0
80,N11,2014,15.0
81,N11,2015,16.0
82,N11,2016,18.0
83,N11,2017,17.0
84,N11,2018,18.0
85,N11,2019,24.0
86,N11,2020,4.0
87,N11,2021,1.0
88,N12,2014,15.0
89,N12,2015,9.0
90,N12,2016,15.0
91,N12,2017,9.0
92,N12,2018,14.0
93,N12,2019,10.0
94,N12,2020,5.0
95,N12,2021,4.0
96,N13,2014,16.0
97,N13,2015,13.0
98,N13,2016,15.0
99,N13,2017,18.0
100,N13,2018,14.0
101,N13,2019,24.0
102,N13,2020,9.0
103,N13,2021,8.0
104,N14,2014,12.0
105,N14,2015,9.0
106,N14,2016,11.0
107,N14,2017,5.0
108,N14,2018,3.0
109,N14,2019,14.0
110,N14,2020,3.0
111,N14,2021,5.0
112,N15,2014,47.0
113,N15,2015,46.0
114,N15,2016,65.0
115,N15,2017,51.0
116,N15,2018,52.0
117,N15,2019,81.0
118,N15,2020,17.0
119,N15,2021,12.0
120,N16,2014,27.0
121,N16,2015,35.0
122,N16,2016,34.0
123,N16,2017,21.0
124,N16,2018,37.0
125,N16,2019,37.0
126,N16,2020,13.0
127,N16,2021,2.0
128,N17,2014,61.0
129,N17,2015,45.0
130,N17,2016,74.0
131,N17,2017,65.0
132,N17,2018,78.0
133,N17,2019,72.0
134,N17,2020,23.0
135,N17,2021,15.0
136,N18,2014,24.0
137,N18,2015,29.0
138,N18,2016,25.0
139,N18,2017,39.0
140,N18,2018,14.0
141,N18,2019,24.0
142,N18,2020,8.0
143,N18,2021,5.0
144,N19,2014,11.0
145,N19,2015,9.0
146,N19,2016,17.0
147,N19,2017,7.0
148,N19,2018,9.0
149,N19,2019,17.0
150,N19,2020,5.0
151,N19,2021,1.0
152,N20,2014,7.0
153,N20,2015,1.0
154,N20,2016,5.0
155,N20,2017,7.0
156,N20,2018,7.0
157,N20,2019,6.0
158,N20,2020,3.0
159,N20,2021,1.0
160,N21,2014,5.0
161,N21,2015,2.0
162,N21,2016,8.0
163,N21,2017,4.0
164,N21,2018,1.0
165,N21,2019,6.0
166,N21,2020,1.0
167,N21,2021,0.0
168,N22,2014,61.0
169,N22,2015,55.0
170,N22,2016,28.0
171,N22,2017,39.0
172,N22,2018,45.0
173,N22,2019,38.0
174,N22,2020,7.0
175,N22,2021,9.0
176,NW1,2014,26.0
177,NW1,2015,30.0
178,NW1,2016,43.0
179,NW1,2017,25.0
180,NW1,2018,38.0
181,NW1,2019,47.0
182,NW1,2020,10.0
183,NW1,2021,2.0
184,NW2,2014,47.0
185,NW2,2015,27.0
186,NW2,2016,46.0
187,NW2,2017,62.0
188,NW2,2018,74.0
189,NW2,2019,80.0
190,NW2,2020,34.0
191,NW2,2021,15.0
192,NW3,2014,8.0
193,NW3,2015,19.0
194,NW3,2016,15.0
195,NW3,2017,20.0
196,NW3,2018,9.0
197,NW3,2019,9.0
198,NW3,2020,4.0
199,NW3,2021,2.0
200,NW4,2014,21.0
201,NW4,2015,18.0
202,NW4,2016,22.0
203,NW4,2017,18.0
204,NW4,2018,39.0
205,NW4,2019,24.0
206,NW4,2020,9.0
207,NW4,2021,8.0
208,NW5,2014,7.0
209,NW5,2015,6.0
210,NW5,2016,16.0
211,NW5,2017,6.0
212,NW5,2018,13.0
213,NW5,2019,7.0
214,NW5,2020,2.0
215,NW5,2021,4.0
216,NW6,2014,21.0
217,NW6,2015,22.0
218,NW6,2016,34.0
219,NW6,2017,19.0
220,NW6,2018,50.0
221,NW6,2019,39.0
222,NW6,2020,10.0
223,NW6,2021,3.0
224,NW7,2014,7.0
225,NW7,2015,6.0
226,NW7,2016,9.0
227,NW7,2017,13.0
228,NW7,2018,5.0
229,NW7,2019,12.0
230,NW7,2020,3.0
231,NW7,2021,0.0
232,NW8,2014,7.0
233,NW8,2015,7.0
234,NW8,2016,9.0
235,NW8,2017,6.0
236,NW8,2018,9.0
237,NW8,2019,16.0
238,NW8,2020,1.0
239,NW8,2021,6.0
240,NW9,2014,74.0
241,NW9,2015,49.0
242,NW9,2016,41.0
243,NW9,2017,38.0
244,NW9,2018,68.0
245,NW9,2019,66.0
246,NW9,2020,10.0
247,NW9,2021,8.0
248,NW10,2014,56.0
249,NW10,2015,60.0
250,NW10,2016,66.0
251,NW10,2017,88.0
252,NW10,2018,140.0
253,NW10,2019,148.0
254,NW10,2020,40.0
255,NW10,2021,15.0
256,NW11,2014,19.0
257,NW11,2015,19.0
258,NW11,2016,22.0
259,NW11,2017,17.0
260,NW11,2018,30.0
261,NW11,2019,24.0
262,NW11,2020,6.0
263,NW11,2021,10.0
264,E1,2014,152.0
265,E1,2015,145.0
266,E1,2016,160.0
267,E1,2017,127.0
268,E1,2018,73.0
269,E1,2019,88.0
270,E1,2020,24.0
271,E1,2021,6.0
272,E2,2014,34.0
273,E2,2015,19.0
274,E2,2016,46.0
275,E2,2017,17.0
276,E2,2018,26.0
277,E2,2019,37.0
278,E2,2020,11.0
279,E2,2021,2.0
280,E3,2014,47.0
281,E3,2015,60.0
282,E3,2016,34.0
283,E3,2017,41.0
284,E3,2018,36.0
285,E3,2019,24.0
286,E3,2020,10.0
287,E3,2021,6.0
288,E4,2014,16.0
289,E4,2015,15.0
290,E4,2016,15.0
291,E4,2017,18.0
292,E4,2018,23.0
293,E4,2019,24.0
294,E4,2020,10.0
295,E4,2021,9.0
296,E5,2014,12.0
297,E5,2015,41.0
298,E5,2016,21.0
299,E5,2017,20.0
300,E5,2018,30.0
301,E5,2019,27.0
302,E5,2020,4.0
303,E5,2021,9.0
304,E6,2014,328.0
305,E6,2015,219.0
306,E6,2016,209.0
307,E6,2017,204.0
308,E6,2018,157.0
309,E6,2019,83.0
310,E6,2020,22.0
311,E6,2021,26.0
312,E7,2014,224.0
313,E7,2015,204.0
314,E7,2016,186.0
315,E7,2017,165.0
316,E7,2018,121.0
317,E7,2019,76.0
318,E7,2020,21.0
319,E7,2021,20.0
320,E8,2014,42.0
321,E8,2015,44.0
322,E8,2016,39.0
323,E8,2017,26.0
324,E8,2018,27.0
325,E8,2019,25.0
326,E8,2020,4.0
327,E8,2021,7.0
328,E9,2014,15.0
329,E9,2015,27.0
330,E9,2016,37.0
331,E9,2017,15.0
332,E9,2018,21.0
333,E9,2019,21.0
334,E9,2020,6.0
335,E9,2021,4.0
336,E10,2014,86.0
337,E10,2015,95.0
338,E10,2016,77.0
339,E10,2017,64.0
340,E10,2018,134.0
341,E10,2019,119.0
342,E10,2020,24.0
343,E10,2021,25.0
344,E11,2014,28.0
345,E11,2015,56.0
346,E11,2016,40.0
347,E11,2017,32.0
348,E11,2018,71.0
349,E11,2019,45.0
350,E11,2020,11.0
351,E11,2021,13.0
352,E12,2014,154.0
353,E12,2015,129.0
354,E12,2016,127.0
355,E12,2017,106.0
356,E12,2018,58.0
357,E12,2019,58.0
358,E12,2020,20.0
359,E12,2021,12.0
360,E13,2014,115.0
361,E13,2015,125.0
362,E13,2016,177.0
363,E13,2017,131.0
364,E13,2018,130.0
365,E13,2019,71.0
366,E13,2020,19.0
367,E13,2021,9.0
368,E14,2014,59.0
369,E14,2015,54.0
370,E14,2016,44.0
371,E14,2017,38.0
372,E14,2018,58.0
373,E14,2019,59.0
374,E14,2020,10.0
375,E14,2021,9.0
376,E15,2014,81.0
377,E15,2015,79.0
378,E15,2016,83.0
379,E15,2017,87.0
380,E15,2018,81.0
381,E15,2019,85.0
382,E15,2020,13.0
383,E15,2021,19.0
384,E16,2014,30.0
385,E16,2015,49.0
386,E16,2016,48.0
387,E16,2017,49.0
388,E16,2018,56.0
389,E16,2019,56.0
390,E16,2020,8.0
391,E16,2021,5.0
392,E17,2014,148.0
393,E17,2015,138.0
394,E17,2016,92.0
395,E17,2017,103.0
396,E17,2018,161.0
397,E17,2019,153.0
398,E17,2020,60.0
399,E17,2021,33.0
400,E18,2014,3.0
401,E18,2015,2.0
402,E18,2016,13.0
403,E18,2017,5.0
404,E18,2018,3.0
405,E18,2019,11.0
406,E18,2020,1.0
407,E18,2021,6.0
408,EC1A,2014,9.0
409,EC1A,2015,6.0
410,EC1A,2016,1.0
411,EC1A,2017,0.0
412,EC1A,2018,3.0
413,EC1A,2019,0.0
414,EC1A,2020,0.0
415,EC1A,2021,0.0
416,EC1M,2014,4.0
417,EC1M,2015,3.0
418,EC1M,2016,1.0
419,EC1M,2017,2.0
420,EC1M,2018,1.0
421,EC1M,2019,0.0
422,EC1M,2020,0.0
423,EC1M,2021,0.0
424,EC1N,2014,1.0
425,EC1N,2015,4.0
426,EC1N,2016,8.0
427,EC1N,2017,3.0
428,EC1N,2018,4.0
429,EC1N,2019,0.0
430,EC1N,2020,1.0
431,EC1N,2021,0.0
432,EC1R,2014,1.0
433,EC1R,2015,6.0
434,EC1R,2016,3.0
435,EC1R,2017,1.0
436,EC1R,2018,4.0
437,EC1R,2019,0.0
438,EC1R,2020,0.0
439,EC1R,2021,0.0
440,EC1V,2014,3.0
441,EC1V,2015,12.0
442,EC1V,2016,9.0
443,EC1V,2017,2.0
444,EC1V,2018,8.0
445,EC1V,2019,0.0
446,EC1V,2020,3.0
447,EC1V,2021,1.0
448,EC1Y,2014,0.0
449,EC1Y,2015,3.0
450,EC1Y,2016,2.0
451,EC1Y,2017,5.0
452,EC1Y,2018,4.0
453,EC1Y,2019,0.0
454,EC1Y,2020,1.0
455,EC1Y,2021,0.0
456,EC2A,2014,1.0
457,EC2A,2015,8.0
458,EC2A,2016,4.0
459,EC2A,2017,7.0
460,EC2A,2018,1.0
461,EC2A,2019,0.0
462,EC2A,2020,1.0
463,EC2A,2021,0.0
464,EC2M,2014,1.0
465,EC2M,2015,5.0
466,EC2M,2016,12.0
467,EC2M,2017,6.0
468,EC2M,2018,3.0
469,EC2M,2019,0.0
470,EC2M,2020,0.0
471,EC2M,2021,0.0
472,EC2N,2014,3.0
473,EC2N,2015,4.0
474,EC2N,2016,0.0
475,EC2N,2017,0.0
476,EC2N,2018,1.0
477,EC2N,2019,0.0
478,EC2N,2020,0.0
479,EC2N,2021,0.0
480,EC2P,2014,0.0
481,EC2P,2015,0.0
482,EC2P,2016,1.0
483,EC2P,2017,0.0
484,EC2P,2018,0.0
485,EC2P,2019,0.0
486,EC2P,2020,0.0
487,EC2P,2021,0.0
488,EC2R,2014,0.0
489,EC2R,2015,0.0
490,EC2R,2016,0.0
491,EC2R,2017,1.0
492,EC2R,2018,2.0
493,EC2R,2019,0.0
494,EC2R,2020,0.0
495,EC2R,2021,0.0
496,EC2V,2014,0.0
497,EC2V,2015,2.0
498,EC2V,2016,0.0
499,EC2V,2017,0.0
500,EC2V,2018,0.0
501,EC2V,2019,0.0
502,EC2V,2020,0.0
503,EC2V,2021,0.0
504,EC2Y,2014,1.0
505,EC2Y,2015,1.0
506,EC2Y,2016,1.0
507,EC2Y,2017,0.0
508,EC2Y,2018,1.0
509,EC2Y,2019,0.0
510,EC2Y,2020,0.0
511,EC2Y,2021,0.0
512,EC3A,2014,0.0
513,EC3A,2015,0.0
514,EC3A,2016,0.0
515,EC3A,2017,1.0
516,EC3A,2018,0.0
517,EC3A,2019,0.0
518,EC3A,2020,1.0
519,EC3A,2021,0.0
520,EC3M,2014,0.0
521,EC3M,2015,2.0
522,EC3M,2016,1.0
523,EC3M,2017,0.0
524,EC3M,2018,1.0
525,EC3M,2019,0.0
526,EC3M,2020,0.0
527,EC3M,2021,0.0
528,EC3N,2014,1.0
529,EC3N,2015,7.0
530,EC3N,2016,0.0
531,EC3N,2017,0.0
532,EC3N,2018,1.0
533,EC3N,2019,0.0
534,EC3N,2020,0.0
535,EC3N,2021,0.0
536,EC3R,2014,1.0
537,EC3R,2015,0.0
538,EC3R,2016,1.0
539,EC3R,2017,0.0
540,EC3R,2018,1.0
541,EC3R,2019,0.0
542,EC3R,2020,1.0
543,EC3R,2021,0.0
544,EC3V,2014,1.0
545,EC3V,2015,0.0
546,EC3V,2016,0.0
547,EC3V,2017,0.0
548,EC3V,2018,2.0
549,EC3V,2019,0.0
550,EC3V,2020,0.0
551,EC3V,2021,0.0
552,EC4A,2014,2.0
553,EC4A,2015,1.0
554,EC4A,2016,0.0
555,EC4A,2017,1.0
556,EC4A,2018,0.0
557,EC4A,2019,0.0
558,EC4A,2020,0.0
559,EC4A,2021,0.0
560,EC4M,2014,2.0
561,EC4M,2015,1.0
562,EC4M,2016,2.0
563,EC4M,2017,1.0
564,EC4M,2018,1.0
565,EC4M,2019,0.0
566,EC4M,2020,0.0
567,EC4M,2021,1.0
568,EC4N,2014,0.0
569,EC4N,2015,0.0
570,EC4N,2016,1.0
571,EC4N,2017,0.0
572,EC4N,2018,1.0
573,EC4N,2019,0.0
574,EC4N,2020,0.0
575,EC4N,2021,0.0
576,EC4R,2014,2.0
577,EC4R,2015,0.0
578,EC4R,2016,2.0
579,EC4R,2017,1.0
580,EC4R,2018,0.0
581,EC4R,2019,0.0
582,EC4R,2020,0.0
583,EC4R,2021,0.0
584,EC4V,2014,3.0
585,EC4V,2015,1.0
586,EC4V,2016,1.0
587,EC4V,2017,0.0
588,EC4V,2018,2.0
589,EC4V,2019,0.0
590,EC4V,2020,0.0
591,EC4V,2021,0.0
592,EC4Y,2014,0.0
593,EC4Y,2015,0.0
594,EC4Y,2016,0.0
595,EC4Y,2017,0.0
596,EC4Y,2018,1.0
597,EC4Y,2019,0.0
598,EC4Y,2020,0.0
599,EC4Y,2021,0.0
600,W2,2014,40.0
601,W2,2015,63.0
602,W2,2016,49.0
603,W2,2017,29.0
604,W2,2018,50.0
605,W2,2019,71.0
606,W2,2020,5.0
607,W2,2021,23.0
608,W3,2014,18.0
609,W3,2015,21.0
610,W3,2016,16.0
611,W3,2017,19.0
612,W3,2018,37.0
613,W3,2019,34.0
614,W3,2020,10.0
615,W3,2021,7.0
616,W4,2014,4.0
617,W4,2015,5.0
618,W4,2016,4.0
619,W4,2017,7.0
620,W4,2018,16.0
621,W4,2019,14.0
622,W4,2020,1.0
623,W4,2021,4.0
624,W5,2014,60.0
625,W5,2015,27.0
626,W5,2016,12.0
627,W5,2017,17.0
628,W5,2018,32.0
629,W5,2019,26.0
630,W5,2020,5.0
631,W5,2021,2.0
632,W6,2014,141.0
633,W6,2015,22.0
634,W6,2016,12.0
635,W6,2017,4.0
636,W6,2018,19.0
637,W6,2019,24.0
638,W6,2020,6.0
639,W6,2021,8.0
640,W7,2014,6.0
641,W7,2015,16.0
642,W7,2016,6.0
643,W7,2017,2.0
644,W7,2018,21.0
645,W7,2019,14.0
646,W7,2020,1.0
647,W7,2021,1.0
648,W8,2014,19.0
649,W8,2015,28.0
650,W8,2016,24.0
651,W8,2017,16.0
652,W8,2018,10.0
653,W8,2019,2.0
654,W8,2020,0.0
655,W8,2021,0.0
656,W9,2014,5.0
657,W9,2015,9.0
658,W9,2016,18.0
659,W9,2017,6.0
660,W9,2018,17.0
661,W9,2019,31.0
662,W9,2020,7.0
663,W9,2021,1.0
664,W10,2014,2.0
665,W10,2015,17.0
666,W10,2016,17.0
667,W10,2017,10.0
668,W10,2018,13.0
669,W10,2019,12.0
670,W10,2020,6.0
671,W10,2021,3.0
672,W11,2014,7.0
673,W11,2015,12.0
674,W11,2016,9.0
675,W11,2017,4.0
676,W11,2018,4.0
677,W11,2019,11.0
678,W11,2020,1.0
679,W11,2021,1.0
680,W12,2014,33.0
681,W12,2015,34.0
682,W12,2016,41.0
683,W12,2017,39.0
684,W12,2018,28.0
685,W12,2019,38.0
686,W12,2020,6.0
687,W12,2021,7.0
688,W13,2014,3.0
689,W13,2015,8.0
690,W13,2016,9.0
691,W13,2017,7.0
692,W13,2018,24.0
693,W13,2019,27.0
694,W13,2020,0.0
695,W13,2021,2.0
696,W14,2014,11.0
697,W14,2015,9.0
698,W14,2016,10.0
699,W14,2017,15.0
700,W14,2018,18.0
701,W14,2019,26.0
702,W14,2020,4.0
703,W14,2021,5.0
704,W1A,2014,1.0
705,W1A,2015,0.0
706,W1A,2016,4.0
707,W1A,2017,0.0
708,W1A,2018,1.0
709,W1A,2019,0.0
710,W1A,2020,0.0
711,W1A,2021,0.0
712,W1B,2014,3.0
713,W1B,2015,6.0
714,W1B,2016,2.0
715,W1B,2017,3.0
716,W1B,2018,2.0
717,W1B,2019,1.0
718,W1B,2020,0.0
719,W1B,2021,0.0
720,W1C,2014,4.0
721,W1C,2015,2.0
722,W1C,2016,3.0
723,W1C,2017,0.0
724,W1C,2018,0.0
725,W1C,2019,7.0
726,W1C,2020,0.0
727,W1C,2021,3.0
728,W1D,2014,10.0
729,W1D,2015,15.0
730,W1D,2016,10.0
731,W1D,2017,11.0
732,W1D,2018,12.0
733,W1D,2019,8.0
734,W1D,2020,3.0
735,W1D,2021,4.0
736,W1F,2014,2.0
737,W1F,2015,1.0
738,W1F,2016,1.0
739,W1F,2017,4.0
740,W1F,2018,8.0
741,W1F,2019,5.0
742,W1F,2020,1.0
743,W1F,2021,0.0
744,W1G,2014,2.0
745,W1G,2015,0.0
746,W1G,2016,1.0
747,W1G,2017,0.0
748,W1G,2018,2.0
749,W1G,2019,0.0
750,W1G,2020,0.0
751,W1G,2021,0.0
752,W1H,2014,3.0
753,W1H,2015,8.0
754,W1H,2016,4.0
755,W1H,2017,0.0
756,W1H,2018,3.0
757,W1H,2019,5.0
758,W1H,2020,1.0
759,W1H,2021,6.0
760,W1J,2014,2.0
761,W1J,2015,2.0
762,W1J,2016,1.0
763,W1J,2017,5.0
764,W1J,2018,5.0
765,W1J,2019,13.0
766,W1J,2020,3.0
767,W1J,2021,0.0
768,W1K,2014,19.0
769,W1K,2015,8.0
770,W1K,2016,2.0
771,W1K,2017,5.0
772,W1K,2018,5.0
773,W1K,2019,1.0
774,W1K,2020,0.0
775,W1K,2021,2.0
776,W1S,2014,67.0
777,W1S,2015,5.0
778,W1S,2016,7.0
779,W1S,2017,1.0
780,W1S,2018,2.0
781,W1S,2019,6.0
782,W1S,2020,0.0
783,W1S,2021,0.0
784,W1T,2014,5.0
785,W1T,2015,8.0
786,W1T,2016,7.0
787,W1T,2017,14.0
788,W1T,2018,9.0
789,W1T,2019,9.0
790,W1T,2020,4.0
791,W1T,2021,0.0
792,W1U,2014,4.0
793,W1U,2015,5.0
794,W1U,2016,4.0
795,W1U,2017,5.0
796,W1U,2018,9.0
797,W1U,2019,16.0
798,W1U,2020,2.0
799,W1U,2021,1.0
800,W1W,2014,4.0
801,W1W,2015,1.0
802,W1W,2016,4.0
803,W1W,2017,0.0
804,W1W,2018,5.0
805,W1W,2019,4.0
806,W1W,2020,0.0
807,W1W,2021,1.0
808,WC1A,2014,2.0
809,WC1A,2015,1.0
810,WC1A,2016,4.0
811,WC1A,2017,3.0
812,WC1A,2018,4.0
813,WC1A,2019,0.0
814,WC1A,2020,0.0
815,WC1A,2021,0.0
816,WC1B,2014,1.0
817,WC1B,2015,7.0
818,WC1B,2016,2.0
819,WC1B,2017,3.0
820,WC1B,2018,2.0
821,WC1B,2019,5.0
822,WC1B,2020,1.0
823,WC1B,2021,1.0
824,WC1E,2014,0.0
825,WC1E,2015,0.0
826,WC1E,2016,0.0
827,WC1E,2017,1.0
828,WC1E,2018,1.0
829,WC1E,2019,0.0
830,WC1E,2020,0.0
831,WC1E,2021,0.0
832,WC1H,2014,53.0
833,WC1H,2015,27.0
834,WC1H,2016,0.0
835,WC1H,2017,2.0
836,WC1H,2018,0.0
837,WC1H,2019,5.0
838,WC1H,2020,0.0
839,WC1H,2021,1.0
840,WC1N,2014,16.0
841,WC1N,2015,11.0
842,WC1N,2016,11.0
843,WC1N,2017,2.0
844,WC1N,2018,3.0
845,WC1N,2019,2.0
846,WC1N,2020,1.0
847,WC1N,2021,1.0
848,WC1R,2014,0.0
849,WC1R,2015,1.0
850,WC1R,2016,1.0
851,WC1R,2017,0.0
852,WC1R,2018,2.0
853,WC1R,2019,0.0
854,WC1R,2020,0.0
855,WC1R,2021,0.0
856,WC1V,2014,1.0
857,WC1V,2015,2.0
858,WC1V,2016,0.0
859,WC1V,2017,1.0
860,WC1V,2018,2.0
861,WC1V,2019,3.0
862,WC1V,2020,0.0
863,WC1V,2021,0.0
864,WC1X,2014,5.0
865,WC1X,2015,9.0
866,WC1X,2016,8.0
867,WC1X,2017,10.0
868,WC1X,2018,3.0
869,WC1X,2019,7.0
870,WC1X,2020,2.0
871,WC1X,2021,3.0
872,WC2A,2014,0.0
873,WC2A,2015,0.0
874,WC2A,2016,2.0
875,WC2A,2017,0.0
876,WC2A,2018,1.0
877,WC2A,2019,0.0
878,WC2A,2020,0.0
879,WC2A,2021,0.0
880,WC2B,2014,1.0
881,WC2B,2015,6.0
882,WC2B,2016,1.0
883,WC2B,2017,0.0
884,WC2B,2018,3.0
885,WC2B,2019,1.0
886,WC2B,2020,0.0
887,WC2B,2021,0.0
888,WC2E,2014,1.0
889,WC2E,2015,3.0
890,WC2E,2016,2.0
891,WC2E,2017,1.0
892,WC2E,2018,4.0
893,WC2E,2019,6.0
894,WC2E,2020,0.0
895,WC2E,2021,0.0
896,WC2H,2014,9.0
897,WC2H,2015,8.0
898,WC2H,2016,8.0
899,WC2H,2017,6.0
900,WC2H,2018,10.0
901,WC2H,2019,11.0
902,WC2H,2020,4.0
903,WC2H,2021,2.0
904,WC2N,2014,88.0
905,WC2N,2015,22.0
906,WC2N,2016,25.0
907,WC2N,2017,46.0
908,WC2N,2018,3.0
909,WC2N,2019,2.0
910,WC2N,2020,0.0
911,WC2N,2021,0.0
912,WC2R,2014,9.0
913,WC2R,2015,3.0
914,WC2R,2016,1.0
915,WC2R,2017,0.0
916,WC2R,2018,0.0
917,WC2R,2019,0.0
918,WC2R,2020,0.0
919,WC2R,2021,0.0
920,SE1,2014,87.0
921,SE1,2015,137.0
922,SE1,2016,214.0
923,SE1,2017,279.0
924,SE1,2018,160.0
925,SE1,2019,58.0
926,SE1,2020,20.0
927,SE1,2021,14.0
928,SE2,2014,24.0
929,SE2,2015,29.0
930,SE2,2016,35.0
931,SE2,2017,20.0
932,SE2,2018,22.0
933,SE2,2019,12.0
934,SE2,2020,7.0
935,SE2,2021,7.0
936,SE3,2014,8.0
937,SE3,2015,14.0
938,SE3,2016,16.0
939,SE3,2017,9.0
940,SE3,2018,7.0
941,SE3,2019,6.0
942,SE3,2020,1.0
943,SE3,2021,1.0
944,SE4,2014,9.0
945,SE4,2015,24.0
946,SE4,2016,10.0
947,SE4,2017,10.0
948,SE4,2018,12.0
949,SE4,2019,7.0
950,SE4,2020,1.0
951,SE4,2021,1.0
952,SE5,2014,32.0
953,SE5,2015,88.0
954,SE5,2016,82.0
955,SE5,2017,41.0
956,SE5,2018,42.0
957,SE5,2019,42.0
958,SE5,2020,14.0
959,SE5,2021,7.0
960,SE6,2014,65.0
961,SE6,2015,56.0
962,SE6,2016,58.0
963,SE6,2017,26.0
964,SE6,2018,23.0
965,SE6,2019,29.0
966,SE6,2020,3.0
967,SE6,2021,8.0
968,SE7,2014,15.0
969,SE7,2015,23.0
970,SE7,2016,30.0
971,SE7,2017,14.0
972,SE7,2018,15.0
973,SE7,2019,16.0
974,SE7,2020,7.0
975,SE7,2021,2.0
976,SE8,2014,56.0
977,SE8,2015,49.0
978,SE8,2016,37.0
979,SE8,2017,22.0
980,SE8,2018,13.0
981,SE8,2019,9.0
982,SE8,2020,5.0
983,SE8,2021,4.0
984,SE9,2014,12.0
985,SE9,2015,25.0
986,SE9,2016,24.0
987,SE9,2017,12.0
988,SE9,2018,21.0
989,SE9,2019,15.0
990,SE9,2020,3.0
991,SE9,2021,5.0
992,SE10,2014,9.0
993,SE10,2015,27.0
994,SE10,2016,21.0
995,SE10,2017,14.0
996,SE10,2018,15.0
997,SE10,2019,8.0
998,SE10,2020,3.0
999,SE10,2021,7.0
1000,SE11,2014,17.0
1001,SE11,2015,21.0
1002,SE11,2016,15.0
1003,SE11,2017,11.0
1004,SE11,2018,9.0
1005,SE11,2019,13.0
1006,SE11,2020,4.0
1007,SE11,2021,3.0
1008,SE12,2014,13.0
1009,SE12,2015,16.0
1010,SE12,2016,14.0
1011,SE12,2017,4.0
1012,SE12,2018,6.0
1013,SE12,2019,2.0
1014,SE12,2020,5.0
1015,SE12,2021,3.0
1016,SE13,2014,77.0
1017,SE13,2015,59.0
1018,SE13,2016,56.0
1019,SE13,2017,20.0
1020,SE13,2018,25.0
1021,SE13,2019,19.0
1022,SE13,2020,6.0
1023,SE13,2021,9.0
1024,SE14,2014,38.0
1025,SE14,2015,44.0
1026,SE14,2016,11.0
1027,SE14,2017,27.0
1028,SE14,2018,19.0
1029,SE14,2019,9.0
1030,SE14,2020,4.0
1031,SE14,2021,4.0
1032,SE15,2014,79.0
1033,SE15,2015,129.0
1034,SE15,2016,129.0
1035,SE15,2017,69.0
1036,SE15,2018,39.0
1037,SE15,2019,58.0
1038,SE15,2020,22.0
1039,SE15,2021,11.0
1040,SE16,2014,26.0
1041,SE16,2015,44.0
1042,SE16,2016,40.0
1043,SE16,2017,23.0
1044,SE16,2018,15.0
1045,SE16,2019,27.0
1046,SE16,2020,17.0
1047,SE16,2021,5.0
1048,SE17,2014,31.0
1049,SE17,2015,66.0
1050,SE17,2016,60.0
1051,SE17,2017,32.0
1052,SE17,2018,15.0
1053,SE17,2019,31.0
1054,SE17,2020,15.0
1055,SE17,2021,10.0
1056,SE18,2014,177.0
1057,SE18,2015,219.0
1058,SE18,2016,166.0
1059,SE18,2017,121.0
1060,SE18,2018,78.0
1061,SE18,2019,76.0
1062,SE18,2020,26.0
1063,SE18,2021,18.0
1064,SE19,2014,13.0
1065,SE19,2015,22.0
1066,SE19,2016,14.0
1067,SE19,2017,9.0
1068,SE19,2018,10.0
1069,SE19,2019,8.0
1070,SE19,2020,1.0
1071,SE19,2021,2.0
1072,SE20,2014,21.0
1073,SE20,2015,28.0
1074,SE20,2016,10.0
1075,SE20,2017,23.0
1076,SE20,2018,4.0
1077,SE20,2019,13.0
1078,SE20,2020,2.0
1079,SE20,2021,6.0
1080,SE21,2014,6.0
1081,SE21,2015,8.0
1082,SE21,2016,0.0
1083,SE21,2017,3.0
1084,SE21,2018,1.0
1085,SE21,2019,2.0
1086,SE21,2020,0.0
1087,SE21,2021,2.0
1088,SE22,2014,10.0
1089,SE22,2015,10.0
1090,SE22,2016,15.0
1091,SE22,2017,5.0
1092,SE22,2018,12.0
1093,SE22,2019,6.0
1094,SE22,2020,0.0
1095,SE22,2021,2.0
1096,SE23,2014,22.0
1097,SE23,2015,13.0
1098,SE23,2016,21.0
1099,SE23,2017,9.0
1100,SE23,2018,5.0
1101,SE23,2019,7.0
1102,SE23,2020,3.0
1103,SE23,2021,2.0
1104,SE24,2014,13.0
1105,SE24,2015,6.0
1106,SE24,2016,7.0
1107,SE24,2017,6.0
1108,SE24,2018,1.0
1109,SE24,2019,4.0
1110,SE24,2020,0.0
1111,SE24,2021,1.0
1112,SE25,2014,38.0
1113,SE25,2015,37.0
1114,SE25,2016,41.0
1115,SE25,2017,27.0
1116,SE25,2018,15.0
1117,SE25,2019,11.0
1118,SE25,2020,1.0
1119,SE25,2021,12.0
1120,SE26,2014,20.0
1121,SE26,2015,28.0
1122,SE26,2016,8.0
1123,SE26,2017,15.0
1124,SE26,2018,15.0
1125,SE26,2019,8.0
1126,SE26,2020,3.0
1127,SE26,2021,2.0
1128,SE27,2014,41.0
1129,SE27,2015,11.0
1130,SE27,2016,13.0
1131,SE27,2017,17.0
1132,SE27,2018,13.0
1133,SE27,2019,13.0
1134,SE27,2020,1.0
1135,SE27,2021,3.0
1136,SE28,2014,50.0
1137,SE28,2015,50.0
1138,SE28,2016,36.0
1139,SE28,2017,28.0
1140,SE28,2018,29.0
1141,SE28,2019,15.0
1142,SE28,2020,5.0
1143,SE28,2021,2.0
1144,SW1A,2014,4.0
1145,SW1A,2015,0.0
1146,SW1A,2016,1.0
1147,SW1A,2017,4.0
1148,SW1A,2018,1.0
1149,SW1A,2019,3.0
1150,SW1A,2020,0.0
1151,SW1A,2021,0.0
1152,SW1E,2014,18.0
1153,SW1E,2015,14.0
1154,SW1E,2016,12.0
1155,SW1E,2017,12.0
1156,SW1E,2018,2.0
1157,SW1E,2019,1.0
1158,SW1E,2020,0.0
1159,SW1E,2021,0.0
1160,SW1H,2014,0.0
1161,SW1H,2015,1.0
1162,SW1H,2016,0.0
1163,SW1H,2017,0.0
1164,SW1H,2018,0.0
1165,SW1H,2019,0.0
1166,SW1H,2020,0.0
1167,SW1H,2021,0.0
1168,SW1P,2014,4.0
1169,SW1P,2015,6.0
1170,SW1P,2016,3.0
1171,SW1P,2017,2.0
1172,SW1P,2018,2.0
1173,SW1P,2019,6.0
1174,SW1P,2020,3.0
1175,SW1P,2021,1.0
1176,SW1V,2014,11.0
1177,SW1V,2015,15.0
1178,SW1V,2016,9.0
1179,SW1V,2017,6.0
1180,SW1V,2018,12.0
1181,SW1V,2019,18.0
1182,SW1V,2020,4.0
1183,SW1V,2021,0.0
1184,SW1X,2014,5.0
1185,SW1X,2015,3.0
1186,SW1X,2016,10.0
1187,SW1X,2017,1.0
1188,SW1X,2018,8.0
1189,SW1X,2019,3.0
1190,SW1X,2020,1.0
1191,SW1X,2021,0.0
1192,SW1Y,2014,5.0
1193,SW1Y,2015,2.0
1194,SW1Y,2016,2.0
1195,SW1Y,2017,3.0
1196,SW1Y,2018,2.0
1197,SW1Y,2019,3.0
1198,SW1Y,2020,0.0
1199,SW1Y,2021,0.0
1200,SW2,2014,64.0
1201,SW2,2015,62.0
1202,SW2,2016,37.0
1203,SW2,2017,21.0
1204,SW2,2018,31.0
1205,SW2,2019,22.0
1206,SW2,2020,6.0
1207,SW2,2021,4.0
1208,SW3,2014,9.0
1209,SW3,2015,17.0
1210,SW3,2016,12.0
1211,SW3,2017,5.0
1212,SW3,2018,8.0
1213,SW3,2019,9.0
1214,SW3,2020,0.0
1215,SW3,2021,5.0
1216,SW4,2014,33.0
1217,SW4,2015,33.0
1218,SW4,2016,39.0
1219,SW4,2017,28.0
1220,SW4,2018,13.0
1221,SW4,2019,17.0
1222,SW4,2020,9.0
1223,SW4,2021,0.0
1224,SW5,2014,4.0
1225,SW5,2015,21.0
1226,SW5,2016,18.0
1227,SW5,2017,19.0
1228,SW5,2018,13.0
1229,SW5,2019,10.0
1230,SW5,2020,3.0
1231,SW5,2021,3.0
1232,SW6,2014,15.0
1233,SW6,2015,9.0
1234,SW6,2016,15.0
1235,SW6,2017,19.0
1236,SW6,2018,32.0
1237,SW6,2019,25.0
1238,SW6,2020,6.0
1239,SW6,2021,4.0
1240,SW7,2014,4.0
1241,SW7,2015,9.0
1242,SW7,2016,6.0
1243,SW7,2017,6.0
1244,SW7,2018,10.0
1245,SW7,2019,12.0
1246,SW7,2020,1.0
1247,SW7,2021,1.0
1248,SW8,2014,30.0
1249,SW8,2015,30.0
1250,SW8,2016,28.0
1251,SW8,2017,19.0
1252,SW8,2018,21.0
1253,SW8,2019,20.0
1254,SW8,2020,5.0
1255,SW8,2021,2.0
1256,SW9,2014,73.0
1257,SW9,2015,52.0
1258,SW9,2016,59.0
1259,SW9,2017,61.0
1260,SW9,2018,22.0
1261,SW9,2019,28.0
1262,SW9,2020,3.0
1263,SW9,2021,4.0
1264,SW10,2014,7.0
1265,SW10,2015,4.0
1266,SW10,2016,4.0
1267,SW10,2017,3.0
1268,SW10,2018,4.0
1269,SW10,2019,9.0
1270,SW10,2020,4.0
1271,SW10,2021,2.0
1272,SW11,2014,17.0
1273,SW11,2015,51.0
1274,SW11,2016,37.0
1275,SW11,2017,36.0
1276,SW11,2018,22.0
1277,SW11,2019,17.0
1278,SW11,2020,8.0
1279,SW11,2021,4.0
1280,SW12,2014,13.0
1281,SW12,2015,8.0
1282,SW12,2016,11.0
1283,SW12,2017,11.0
1284,SW12,2018,2.0
1285,SW12,2019,3.0
1286,SW12,2020,4.0
1287,SW12,2021,0.0
1288,SW13,2014,0.0
1289,SW13,2015,1.0
1290,SW13,2016,2.0
1291,SW13,2017,1.0
1292,SW13,2018,2.0
1293,SW13,2019,8.0
1294,SW13,2020,0.0
1295,SW13,2021,1.0
1296,SW14,2014,0.0
1297,SW14,2015,0.0
1298,SW14,2016,1.0
1299,SW14,2017,2.0
1300,SW14,2018,2.0
1301,SW14,2019,1.0
1302,SW14,2020,0.0
1303,SW14,2021,0.0
1304,SW15,2014,22.0
1305,SW15,2015,21.0
1306,SW15,2016,23.0
1307,SW15,2017,11.0
1308,SW15,2018,21.0
1309,SW15,2019,15.0
1310,SW15,2020,4.0
1311,SW15,2021,0.0
1312,SW16,2014,112.0
1313,SW16,2015,88.0
1314,SW16,2016,84.0
1315,SW16,2017,98.0
1316,SW16,2018,64.0
1317,SW16,2019,67.0
1318,SW16,2020,5.0
1319,SW16,2021,14.0
1320,SW17,2014,80.0
1321,SW17,2015,69.0
1322,SW17,2016,75.0
1323,SW17,2017,89.0
1324,SW17,2018,85.0
1325,SW17,2019,58.0
1326,SW17,2020,12.0
1327,SW17,2021,14.0
1328,SW18,2014,135.0
1329,SW18,2015,67.0
1330,SW18,2016,11.0
1331,SW18,2017,27.0
1332,SW18,2018,21.0
1333,SW18,2019,14.0
1334,SW18,2020,4.0
1335,SW18,2021,7.0
1336,SW19,2014,50.0
1337,SW19,2015,49.0
1338,SW19,2016,39.0
1339,SW19,2017,67.0
1340,SW19,2018,47.0
1341,SW19,2019,25.0
1342,SW19,2020,4.0
1343,SW19,2021,9.0
1344,SW20,2014,9.0
1345,SW20,2015,5.0
1346,SW20,2016,22.0
1347,SW20,2017,18.0
1348,SW20,2018,8.0
1349,SW20,2019,9.0
1350,SW20,2020,1.0
1351,SW20,2021,0.0
